DIRECTORIO;SECUENCIA_ENCUESTA;SECUENCIA_P;ORDEN;P784S4A2;P784S4A3;P784S4A4;FEX_C
7121648;1;1;1;FAMILIAS EN ACCION;2;500000;372,55521141448
7121729;1;1;1;AYUDA DEL MUNICIPIO PARA PERDONAS MIGRANTES;2;400000;107,625663847139
7121845;1;1;1;FAMILIAS EN ACCION;1;360000;83,3073383448296
7121846;1;1;1;MODALIDAD ENTORNO FAMILIAR;1;270000;101,791668740697
7121923;1;1;1;VICTIMAS DE LA VIOLENCIA;5;800000;180,860443251944
7121947;1;1;1;SUBSIDIO FAMILIAR;2;360000;84,60991477449
7122034;1;1;1;MEJORAMIENTO DE VIVIENDA;1;15000000;17,7788181482503
7122077;1;1;1;COLOMBIA MAYOR;1;600000;419,921598113885
7122077;2;1;2;VIVIENDA;1;1000000;419,921598113885
7122269;1;1;1;JOVENES EN ACCION;1;800000;78,6198050603926
7122357;1;1;1;TERCERA EDAD;1;720000;25,876910563683
7122489;1;1;1;ADULTO MAYOR;1;960000;24,5392988647832
7122496;1;1;1;CRUZ ROJA;5;250000;7,22266428778395
7122686;1;1;1;AGENCIA PARA LA REINCORPORACION Y LA NORMALIZACION  ARN;1;8640000;27,9743109644513
7122810;1;1;1;AYUDA HUMANITARIA;3;1480000;4,30091629425186
7122831;1;1;1;JOVENES EN ACCION;1;400000;491,056054622308
7122907;1;2;1;VICTIMA DE DESPLAZAMIENTO;1;3000000;113,650588525706
7122923;1;1;1;REPARACION INTEGRAL  ALAS VICTIMAS;1;2600000;129,212030794309
7122951;1;1;1;AYUDA HUMANITARIA;1;300000;153,8738378864
7123027;1;1;1;JOVENES EN ACCION;1;1200000;100,864429063739
7123160;1;1;1;JOVENES EN ACCION;1;800000;49,6769771147393
7123161;1;1;1;FAMILIAS EN ACCION;1;90000;52,0948485255524
7123197;1;1;1;COMEDOR DEL ADULTO MAYOR;2;300000;86,0817041927449
7123220;1;1;1;AYUDA HUMANITARIA;1;360000;32,495135382027
7123255;1;1;1;JOVENES EN ACCION;1;1600000;279,324803684008
7123307;1;1;1;COLOMBIA MAYOR;1;720000;214,565328848822
7123335;1;1;1;REPARACION DE VICTIMAS;1;492000;209,920306107046
7123389;1;1;1;CAMA HOSPITALARIA;1;4000000;75,6312343889592
7123507;1;1;1;SUBSIDIO DE ARRENDAMIENTO AVENIDA TORRENCIAL DEL 31 DE MARZO 2017;1;3000000;22,0257839036242
7123509;1;1;1;MEJORAMIENTO DE VIVIENDA;1;5000000;56,1846714116932
7123648;1;1;1;PNIS;2;10000000;69,262841980344
7123706;1;1;1;ADULTO MAYOR;2;900000;8,78817967401547
7123823;1;1;1;AYUDA HUMANITARIA;3;1200000;66,6715536919982
7123866;1;1;1;JOVENES EN ACCION;1;400000;58,1577510489387
7123953;1;1;1;VICTIMAS DE DESPLAZAMIENTO FORZADO;1;514000;35,7036478260186
7124158;1;1;1;CRUZ ROJA;1;600000;9,39479597362496
7124160;1;1;1;JOVENES EN ACCION;1;400000;50,0116713318503
7124163;1;1;1;ARRENDAMIENTO POR AVENIDA TORRENCIAL DEL 31 MARZO SE 2017;1;750000;35,7877876222131
7124272;1;1;1;ADULTO MAYOR;1;1080000;372,537416846527
7124276;1;1;1;PILO PAGA 3;1;1700000;363,675767490526
7124276;2;1;2;GENERACION E;1;1700000;363,675767490526
7124291;1;1;1;SUBSIDIO DE DESEMPLEO;1;790000;308,821357328631
7124558;1;1;1;AYUDA HUMANITARIA;1;380000;111,614541421488
7124809;1;1;1;DESPLAZADA;1;600000;39,3277903812531
7124854;1;1;1;BLUMO;1;2000000;123,250392851065
7124864;1;1;1;AYUDAS HUMANITARIAS;1;670000;64,6905642574027
7124870;1;1;1;JOVENES EN ACCION;1;2400000;67,2013771427531
7124891;1;1;1;ADULTO MAYOR;1;750000;125,390071616795
7124957;1;1;1;JOVENES EN ACCION;1;2400000;141,817460388869
7125244;1;2;1;AYUDA HUMANITARIA;1;540000;188,823814753399
7125275;1;1;1;RED VICTIMAS;1;2080000;16,6877523367687
7125358;1;1;1;JOVENES ES ACCION;1;400000;311,986855414199
7125363;1;1;1;JOVENES EN ACCION;1;800000;305,707530907713
7125600;1;1;1;MI NEGOCI;1;1700000;93,6601820776545
7125674;1;1;1;COMFENALCO;2;720000;156,94798800296
7125760;1;1;1;SUBSIDIO DEL CESANTE;1;400000;118,41600014846
7125826;1;1;1;JOVENES EN ACCION;1;1000000;31,9883242786194
7125959;1;1;1;EL SIPA;1;98;803,62723876719
7126108;1;1;1;AYUDA HUMANITARIA;1;990000;41,3334998896858
7126307;1;1;1;PENIS;1;2000000;22,7688637529641
7126322;1;1;1;UNIDAD DE VICTIMAS;1;300000;17,864722606839
7126330;1;1;1;FAMILIAS EN ACCION;2;1200000;79,8786251813864
7126409;1;1;1;MERCADOS POR LA GOBERNACION;1;80000;63,5474969223959
7126413;1;1;1;MERCADO DE LA GOBERNACION;1;50000;113,99645683126
7126449;1;1;1;ADULTO MAYOR;2;400000;13,5138048388965
7126569;1;1;1;FAMILIAS ACCION;2;300000;95,6161757142152
7126689;1;1;1;JOVENES EN ACCION;1;900000;171,333936478236
7126690;1;1;1;AYUDA DE ABONOS  PARA LA PAPA;1;300000;135,159166361604
7126703;1;1;1;DISCAPACITADOS;1;960000;412,363796948578
7126736;1;1;1;MERCADO POR DISCAPACIDAD;1;450000;448,05090124476
7126900;1;1;1;JOVENES EN ACCION;1;1200000;275,713881104211
7127053;1;1;1;JOVENES EN ACCION;1;400000;73,2083595852236
7127095;1;1;1;JOVENES EN ACCION;1;600000;316,839978935398
7127098;1;1;1;JOVENES EN ACCION;1;800000;250,075226870468
7127116;1;1;1;AYUDA HUMANITARIA;3;400000;158,069831455024
7127232;1;1;1;ADULTO MAYOR;2;1800000;29,1472848815239
7127342;1;1;1;UNIDAD DE VICTIMAS;6;98;3,3009379695714
7127345;1;1;1;NUTRICION;1;99;20,6340404242691
7127391;1;1;1;VICTIMAS AL DESPLAZAMIENTO FORZOSO;1;100000;24,1684972295655
7127398;1;1;1;AYUDA HUMANITARIA PARA VICTIMAS DEL DESPLAZAMIENTO FORZOSO;1;260000;12,4920285115476
7127419;1;1;1;JOVENES EN ACCION;1;1000000;505,965736949126
7127950;1;1;1;SUBSIDIO MUNICIPAL DE ARRIENDO DE VIVIENDA POR REUBICACION;1;800000;47,2298327864631
7127965;1;1;1;CONFACESAR;1;348000;220,952714614524
7128033;1;1;1;ALMUERZO COMEDOR ADULTO MAYOR;1;1000000;245,685709329052
7128233;1;1;1;NO SABE;1;412000;11,1038198775002
7128264;1;1;1;ICBF PLAN CANGURO;1;480000;8,81390112088104
7128474;1;1;1;JOVENES EN ACCION;1;800000;68,7585050433133
7128478;1;1;1;JOVENES EN ACCION;2;1600000;61,6927075591476
7128482;1;1;1;JOVENES EN ACCION;1;800000;68,7585050433133
7128530;1;1;1;AYUDA HUMANITARIA;4;1600000;37,4958230236483
7128532;1;1;1;MEJORAMIENTO DE BATERIA SANITARIA;1;1200000;51,5483055828396
7128826;1;1;1;AYUDA HUMANITARIA;1;520000;27,913648658394
7129008;1;1;1;JOVENES EN ACCION;1;400000;210,034656494781
7129071;1;1;1;SUBSIDIO CRUZ ROJA;1;276000;156,704120617658
7129075;1;1;1;CRUZ ROJA COLOMBIANA;5;99;185,285929591165
7129088;1;1;1;JOVENES EN ACCION;1;27000;182,412385292254
7129375;1;1;1;SUBSIDIO POR DESPLAZAMIENTO;1;800000;967,933314549836
7129559;1;1;1;DESPLASADOS;1;550000;14,8178263973436
7129738;1;1;1;JOVENES EN ACCION;1;2400000;52,9880237745832
7129851;1;1;1;COMFAMILIAR;1;35000;124,980626708731
7130332;1;1;1;PROGRAMA DE ALIMENTACION CRUZ ROJA;2;500000;69,119155319745
7130461;1;1;1;UNIDADES PARA LAS VICTIMAS;3;98;4,04444342051256
7130480;1;1;1;FAMILIA EN ACCION;2;180000;5,43957748348883
7130595;1;1;1;AYUDA COMUNITRIA;3;200000;33,4406692942593
7130597;1;1;1;VICTIMAS;4;750000;21,0298429958759
7130696;1;1;1;VICTIMAS POR LA VIOLENCIA;1;800000;10,5367288517472
7130843;1;1;1;PNIS;1;6000000;15,3995708074069
7130926;1;1;1;MERCADOS POR LA GOBERNACION;1;50000;34,9985296631522
7131093;1;1;1;PROGRAMA CDI;1;480000;165,966530274416
7131338;1;1;1;JOVENES EN ACCION;1;400000;238,524226104394
7131594;1;1;1;SUBSIDIO DE TRANSPORTE;1;500000;113,955688236989
7131607;1;1;1;HOGAR GESTOR;1;4200000;122,500538923771
7131773;1;1;1;FAMILIAS EN ACCION;3;138000;88,155637792849
7131814;1;1;1;PARA DESPLAZADOS;1;1200000;1018,10416355143
7131854;1;2;1;MECICOR;1;300000;1234,19824543537
7132273;1;1;1;AYUDA HUMANITARIA;1;800000;11,2568550296475
7132275;1;1;1;PROSPERIDAD SOCIAL;1;500000;16,7120877869453
7132697;1;1;1;AYUDA HUMANITARIA;1;600000;51,5483055828396
7132788;1;1;1;UNIDAD DE VICTIMAS DESPLAZAMIENTO FORZADO;3;12600000;734,791441517116
7132788;2;1;2;AYUDA HUMANITARIA UNIDAD DE VICTIMAS PARA SOSTENIMIENTO DE VIVIENDA ARRIENDO Y COMIDA;5;200000;734,791441517116
7132849;1;1;1;JOVENES EN ACCION;1;1200000;251,448082920941
7133160;1;1;1;FAMILIAS EN ACCION;2;1080000;10,0419908316646
7133197;1;1;1;SUBSIDIO DE ARRENDAMIENTO;1;3000000;20,9529691954083
7133721;1;1;1;ATENCION A VICTIMAS;2;820000;110,690872978181
7133951;1;1;1;ASOCIACION DE PAPEROS VILLAPINZON;1;600000;184,813264258157
7133955;1;1;1;SUBSIDIO TRANSPORTE;1;480000;197,696731744542
7134073;1;1;1;MERCADOS POR DISCAPACIDAD;1;500000;536,177440890064
7134373;1;1;1;AYUDA HUMANITARIA;1;415000;77,3879231165701
7134403;1;1;1;SUSTITUCION DE CULTIVOS ILICITOS;1;8000000;7,8738527338974
7134692;1;1;1;AYUDA COMUNITARIA VICTIMAS;5;2000000;164,76802311839
7135093;1;1;1;SUBSIDIO PARA UNIDAD DE VICTIMA;1;600000;62,1447319539743
7135160;1;1;1;COMPLEMENTO NUTRICIONAL PARA MENOR DE CINCO ANOS;1;300000;120,532508083266
7135164;1;1;1;COMPLEMENTO NUTRICIONAL PARA NINOS MENORES DE CINCO ANOS;2;1200000;144,370193114746
7135291;1;1;1;AYUDA HUMANITARIA5;5;930000;247,277035998588
7135308;1;1;1;AYUDA HUMANITARIA;1;300000;400,980165879931
7136138;1;1;1;AYUDA HUMANITARIA;1;826000;230,269190149352
7136143;1;1;1;AYUDA HUMANITARIA;1;500000;201,590693707358
7136525;1;1;1;JOVENES EN ACCION;1;800000;2,70580066025004
7136596;1;1;1;FAMILIAS EN SU TIERRA;1;15000000;36,7875040361876
7136644;1;1;1;AYUDA HUMANITARIA POR LA OLA INVERNAL;1;60000;13,8807607966835
7136656;1;1;1;CONCAJA;1;1116000;15,7525950014481
7136763;1;1;1;JOVENES EN ACCION;1;400000;292,100178951309
7137053;1;1;1;AYUDA HUMANITARIA;2;520000;53,0529427026657
7137100;1;1;1;SUBSIDIO FAMILIAR DE COMFASUCRE;2;240000;25,3980309000512
7137313;1;1;1;UNIDAD DE VICTIMAS;1;1274000;31,2831005068917
7137314;1;1;1;UNIDAD DE VICTIMAS;3;600000;49,3873314171734
7137663;1;1;1;SUSTITUCION DE CULTIVOS ILICITOS;1;12000000;39,2686659897767
7137684;1;1;1;INDEMNIZACION DE DESPLAZADOS;1;15000000;52,2536912112863
7137704;1;1;1;MAMPOSTA ICBF;1;330000;22,4911744442908
7138091;1;1;1;UNIDAD DE VICTIMA PARA DESPLAZADOS;1;975000;54,6187756178391
7138102;1;1;1;UNIDAD DE VICTIMA;4;760000;59,7880654141038
7138203;1;1;1;MERCADOS PARA ADULTO MAYOR;1;100000;100,772109744697
7138205;1;1;1;MERCADOS PARA ADULTO MAYOR;1;100000;140,23007908174
7138214;1;1;1;DESPLAZADOS;1;740000;146,185629827324
7138308;1;1;1;JOVEN EN ACCION;1;2400000;59,5643759280127
7138382;1;1;1;AYUDA HUMANITARIA;1;1320000;45,5718385176781
7138423;1;1;1;BOGOTA TE NUTRE;1;2400000;15,1254507820583
7138442;1;1;1;CANASTA RURAL;2;1400000;8,83653410328444
7138449;1;1;1;LA CANASTA;1;2000000;9,73145337639284
7138452;1;1;1;CRECIENDO EN FAMILIA EN LA RURALIDAD;1;800000;8,71887471198337
7138504;1;1;1;BOGOTA TE NUTRE;4;3000000;8,57253176624373
7138522;1;1;1;JOVENES EN ACCION;1;800000;43,1435477605473
7138899;1;1;1;ADULTO MAYOR;1;900000;11,677280403474
7139163;1;2;1;SER PILO PAGA;1;10000000;174,049478447957
7139371;1;1;1;UNIDAD DE VICTIMAS POR DESPLAZADOS;1;700000;70,3372957205025
7139374;1;1;1;CRUZ ROJA;1;229000;97,1569550800028
7139377;1;1;1;BONOS DE MERCADO POR LA CRUZ ROJA;4;500000;115,665784877869
7139380;1;1;1;PROGRAMA DE LA CRUZ ROJA;1;200000;118,976992428354
7139537;1;1;1;DESPLAZADO;5;840000;377,477190129753
7139662;1;1;1;PROGRAMA DE ATENCION AL DESPLAZADO;1;800000;160,362986842486
7139730;1;1;1;JOVENES EN ACCION;1;2400000;333,724650047611
7139734;1;1;1;JOVENES EN ACCION;1;1400000;143,35945922984
7139789;1;1;1;SER PILO PAGA;1;1200000;208,31094291136
7139795;1;1;1;BEPS;1;720000;196,245223407626
7140024;1;1;1;DESARROLLO FAMILIAR EN MEDIO FAMILIAR;2;120000;20,9021946349226
7140075;1;1;1;JOVENES EN ACCION;1;400000;395,397185119071
7140084;1;1;1;JOVENES EN ACCION;1;1400000;386,786083201755
7140113;1;1;1;PLAN COLOMBIA;1;216000;38,6059946556568
7140175;1;1;1;SEGURO DE LA HIJA;1;30000;114,431806579384
7140184;1;1;1;AYUDA HUMANITARIA UNIDAD DE VICTIMAS;1;600000;158,673780624788
7140201;1;1;1;SUBSIDIO DE TRANSPORTE;2;900000;111,043568160631
7140209;1;1;1;SUBSIDIO DE TRANSPORTE;1;400000;234,353245979225
7140395;1;1;1;ADULTO MAYOR;1;540000;79,6498890482633
7140508;1;1;1;JOVENES EN ACCION;1;2400000;153,156606960807
7140794;1;1;1;SUBSIDIO FAMILIAR DE FUERZAS MILITARES;2;2760000;245,421366398506
7140966;1;1;1;AYUDA PARA VICTIMAS DEL CONFLICTO;2;410000;38,6161798206123
7140967;1;1;1;AYUDA PARA VICTIMAS;1;700000;64,0334409465796
7140980;1;1;1;AYUDA HUMANITARIA;1;1500000;55,1468612975338
7141203;1;1;1;COMCAJA;2;80000;7,61114679800753
7141231;1;1;1;JOVEN EN ACCION;1;2400000;10,2387714156022
7141248;1;1;1;PNIS;1;1800000;27,4211019583958
7141305;1;1;1;PENIS;1;8000000;8,32891947983537
7141315;1;1;1;PNIS;1;1200000;7,28780454485595
7141343;1;1;1;PNIS;1;12000000;7,28780454485595
7141439;1;1;1;COMFACASANARE;1;360000;86,5174692552157
7141861;1;1;1;JOVENES EN ACCION;1;800000;62,7735096272927
7141864;1;1;1;SUBSIDIO DE COMFASUCRE;2;960000;127,771247960515
7141995;1;1;1;UNIDAD DE VICTIMAS;1;600000;51,1446672220243
7142036;1;1;1;SUBSIDIO PARA POBLACION DESPLAZADA;4;2020000;24,0857145078066
7142057;1;1;1;JOVENES EN ACCION;1;800000;82,194252102669
7142155;1;1;1;POR DESPLAZADOS;1;300000;10,1100167560928
7142169;1;1;1;FAMILIAS EN SU TIERRA;1;5000000;7,8738527338974
7142172;1;1;1;PROSPERIDAD SOCIAL;1;4000000;4,63121638288333
7142231;1;1;1;AYUDA HUMANITARIA;1;720000;44,7003755367443
7142246;1;1;1;DESPLAZADOS;1;6240000;115,20314476451
7142527;1;1;1;COMFATOLIMA;2;40000;153,331325197688
7142848;1;1;1;ADULTO MAYOR;1;900000;736,820498714359
7143177;1;1;1;JOVENES EN ACCION;1;200000;13,9109702835068
7143193;1;1;1;BECA BICENTEBARIO;1;5000000;195,64938267261
7143375;1;1;1;SUBSIDIO PARA TRASPORTE EN TRASMILENIO;1;388000;844,912986614165
7143460;1;1;1;PROGRAMA;1;180000;1004,67443317394
7143575;1;1;1;COMEDOR;2;1560000;1117,58755288474
7143904;1;1;1;ARN AGENCIA PARA LA REINCORPORACION Y NORMALIZACION;1;4800000;1127,03596091101
7143906;1;1;1;AYUDA HUMANITARIA POR DESPLAZAMIENTO;1;800000;711,43377407895
7144107;1;1;1;MERCADO PARA LOS ADULTOS MAYORES;1;600000;6,14280866593236
7144369;1;1;1;JOVENES EN ACCION;1;2400000;90,4104862758295
7144521;1;1;1;DESMOVILIZACION;1;8880000;68,7195523563275
7144611;1;1;1;CAJASAI;1;250000;12,7705859988832
7144665;1;1;1;JOVENES EN ACCION;1;200000;233,334390540557
7144679;1;1;1;JOVENES EN ACCION;1;400000;313,779299665524
7144984;1;1;1;FAMILIAS EN LA RURALIDAD;1;2000;8,06751019513255
7145011;1;1;1;CANASTAS FAMILIAR;3;99;8,05127801604888
7145023;1;1;1;LA CANASTA;4;99;8,83653410328444
7145024;1;1;1;SEMILLAS Y AGUA;1;99;10,4514858709988
7145025;1;1;1;CRECIENDO EN LA RURALIDAD;1;1236000;11,1038198775002
7145108;1;1;1;AYUDA HUMANITARIA;1;700000;32,653536690144
7145129;1;1;1;AYUDA HUMANITARIA;1;400000;12,0284040826398
7145363;1;1;1;SUBSIDIO DE DESPLAZADOS;5;600000;72,9092957182857
7145434;1;1;1;MEJORAMIENTO DE VIVIENDA;1;2000000;102,585072301643
7145679;1;1;1;DESPLAZAMIENTO FORZADO;1;780000;27,9399960853577
7145777;1;1;1;AYUDA HUMANITARIA;1;560000;18,3100025620605
7145802;1;1;1;CAJA DE COMPENSACION FAMILIAR;3;1104000;152,473495523313
7145805;1;1;1;SUBSIDIO FAMILIAR CAJA DE COMPENSACION COFREM;2;600000;165,673049571697
7145906;1;1;1;JOVENES EN ACCION;1;200000;292,001365444825
7145970;1;1;1;MERCADO CRUZ ROJA;1;504000;157,148680670219
7145973;1;1;1;MERCADOS CRUZ ROJA;4;252500;121,401250398827
7145979;1;1;1;CRUZ ROJA;1;189000;127,320391962348
7146187;1;2;1;JOVENES EN ACCION;1;800000;173,66264284854
7146277;1;1;1;VICTIMAS DEL CONFLICTO ARMADO;1;500000;72,5885329046545
7146621;1;1;1;SUBSIDIO PARA PADRES;1;360000;117,104831740764
7146743;1;1;1;AYUDA HUMANITARIA;1;13000000;33,1446290450573
7146755;1;1;1;APOYO DESPLAZADOS;1;1180000;33,1446290450573
7146760;1;1;1;AYUDA HUMANITARIA;1;240000;74,2909278456074
7146908;1;1;1;AYUDA HUMANITARIA;1;4800000;1388,83249436505
7146992;1;1;1;AYUDA EPM;1;12000000;90,0488854570613
7146994;1;1;1;DESALOJADOS POR CONTINGENCIA DE ITUANHO;1;13200000;106,018100887823
7147234;1;1;1;AYUDA HUMANITARIA;1;606000;38,9482201279089
7147521;1;1;1;NO SABE;1;98;241,21974076614
7147606;1;1;1;JOVENES EN ACCION;1;400000;217,175207601043
7147776;1;1;1;UNIDAD PARA LAS VICTIMAS;1;2880000;37,0341193778472
7147841;1;1;1;CENTRO VIDA;1;99;29,7373487970707
7147861;1;1;1;AYUDA HUMANITARIA;1;500000;5,00790013060981
7147974;1;1;1;ONG PROGRAMA DE ALIMENTACION;2;360000;172,515350680432
7148041;1;1;1;CORTE DE CAFE;1;300000;701,333058621178
7148092;1;1;1;AYUDA HUMANITARIA;1;300000;714,095655506604
7148158;1;1;1;JOVENES EN ACCION;1;400000;86,002559167151
7148354;1;1;1;JOVENES EN ACCION;1;1200000;40,1781720193193
7148427;1;1;1;UNIDAD DE VICTIMAS;1;700000;2,33816399031202
7148686;1;1;1;VICTIMAS DEL CONFLICTO;1;4800000;112,657705823595
7148693;1;1;1;SEMILLITAS DE PAZ;1;350000;65,8453791181129
7148943;1;1;1;CHILDRENS;1;252500;171,35120732273
7149048;1;1;1;CAJASAI;2;480000;15,2217498159961
7149102;1;1;1;CAJA DE CIMPENSACION FAMILIAR CAJAMAG;1;40000;198,795061161054
7149107;1;1;1;CAJA DE COMPENSACION FAMILIAR;3;120000;157,434442951903
7149602;1;1;1;AYUDA HANITARIA;1;900000;25,231089840702
7149625;1;1;1;BONO ALIMENTACION;2;2264000;1679,16787805538
7149750;1;1;1;CANASTA RURAL;1;80000;8,71887471198337
7149765;1;1;1;CRECIENDO EN FAMILIA ATENCION EN LA PRIMERA INFANCIA EN LA RURALIDAD;1;1236000;11,4395919707607
7149788;1;1;1;CANASTA;1;120000;12,2702149469247
7149791;1;1;1;COMPLEMENTO NUTRICIONAL;1;550000;9,64266414925251
7149795;1;1;1;CANASTA RURAL;1;600000;6,84118922660073
7149797;1;1;1;CANASTA CDI;1;600000;9,64987353756744
7149811;1;1;1;CANASTA FAMILIAR;1;800000;4,25132755834164
7149821;1;1;1;CANASTA RURAL;3;1000000;8,81006650753818
7149828;1;1;1;CANASTA RURAL;5;1000000;4,34356985922696
7149848;1;1;1;CANASTA;1;1200000;7,30283840386557
7149860;1;1;1;CANASTA FAMILIAR;1;1200000;12,1258466667354
7149864;1;1;1;BONO ADULTO MAYOR;2;2880000;6,1477251423111
7149866;1;1;1;CANASTA FAMILIAR;1;1200000;6,1477251423111
7149871;1;1;1;CANASTA FAMILIAR;1;2400000;6,0019658018007
7149925;1;1;1;FAMILIAS EN SU TIERRA;1;4000000;4,27330936273386
7149925;2;1;2;ALCALDIA DE BELEN;1;1500000;4,27330936273386
7149949;1;1;1;AUXILIO DE DESPLAZADOS;2;200000;121,197558482763
7149961;1;1;1;COMFAMILIAR HUILA;4;13000000;148,907919201641
7150471;1;1;1;SUBSIDIO FAMILIAR CAJA DE COMPENSACION COFREM;3;792000;108,706859005614
7150484;1;1;1;SUBSIDIO FAMILIAR CAJA DE COMPESACION COFREM;1;384000;52,5952741904481
7150727;1;1;1;ASOFAMI;2;160000;179,024003289434
7150727;1;2;1;ASOFAMI;1;160000;179,024003289434
7150756;1;1;1;FOSFEC;1;400000;466,685154781374
7151333;1;1;1;DESPLAZADOS;2;200000;247,291707287626
7151383;1;1;1;JOVENES EN ACCION;2;4800000;130,694806503332
7151587;1;1;1;SUBSIDIO POR CAJA DE COMPENSACIOB;2;720000;153,331325197688
7152206;1;1;1;MEDELLIN SOLIDARIA;1;99;825,585587402453
7152253;1;1;1;UNIDAD PARA VICTIMAS;4;800000;49,0193393373429
7152337;1;1;1;JOVENES EN ACCION;1;1600000;82,1442861604451
7152351;1;1;1;DESPLAZADOS;1;1400000;32,889548544496
7152360;1;1;1;PROGRAMA DE VICTIMAS DE LA VIOLENCIA;1;200000;186,55247296919
7152693;1;1;1;DESPLAZADOS;1;980000;10,3313875373412
7152729;1;1;1;PROGRAMA CAFAMAZ;1;120000;7,96156454907428
7152881;1;1;1;PNIS;1;1800000;26,0616455514823
7152949;1;1;1;PENIS;2;12000000;8,16961152295967
7152959;1;1;1;PNIS;1;6000000;5,11351793891118
7152964;1;1;1;RECOLECTORES;1;2000000;10,6257023375704
7153003;1;1;1;PNIS;1;12000000;7,84666020716967
7153006;1;1;1;PNIS;1;12000000;18,1032343798555
7153038;1;1;1;PNIS;1;12000000;28,6727752950124
7153073;1;1;1;SUBSIDIO COMFACASANARE;1;30000;74,1890223300004
7153078;1;1;1;MERCADOS;1;50000;93,5624894846012
7153366;1;1;1;JOVENES EN ACCION;1;800000;183,946301602928
7153424;1;1;1;COOFREN;1;420000;89,3158439198401
7153509;1;1;1;UNIDAD DE VICTIMAS;1;200000;52,5108192844807
7153549;1;1;1;ALIMENTACION Y AYUDA HUMANITARIA;1;420000;25,6934463409855
7153550;1;1;1;ALIMENTACION Y MANUTENCION ALIMENTARIA;1;300000;28,4172880478594
7153999;1;1;1;AYUDA HUMANITARIA;1;200000;64,4138904122647
7154087;1;1;1;MEJORAMIENTO DE VIVIENDA;1;4000000;152,18390454649
7154118;1;1;1;JOVENES EN ACCION;1;800000;101,945385183769
7154235;1;1;1;SISTEMA NACIONAL PARA LA PREVENCION Y ATENCION DE DESASTRES;1;150000;145,363307466281
7154280;1;1;1;REINO UNIDO PARA DESPLAZADOS;1;1600000;706,40746985032
7154745;1;1;1;DESPLAZADOS;2;300000;8,9743028184655
7154771;1;1;1;PENIS;1;2000000;13,0415346407876
7154996;1;1;1;DESPLAZADOS;1;800000;178,142172970342
7155068;1;1;1;DESPLAZAMIENTO FORZADO;1;950000;85,9725584761504
7155222;1;1;1;UNIDAD DE VICTIMAS;1;470000;44,5326145422909
7155293;1;1;1;AYUDA HUMANITARIA;1;480000;56,5630676414591
7155346;1;1;1;DESPLAZADOS;1;200000;44,3088547752282
7155673;1;1;1;FAMILIAS EN SU TIERRA;1;1400000;35,3930345898399
7155684;1;1;1;FAMILIAS EN SU TIERRA;1;1400000;92,7708907924433
7155882;1;1;1;CONSORCIO COLOMBIA;1;3000000;44,829344278445
7156013;1;1;1;DESPLAZAMIENTO;1;200000;41,3543070474725
7156016;1;1;1;DESPLAZAMIENTO;1;200000;26,8486772024681
7156138;1;1;1;CENTRO VIDA;1;99;81,1496253922291
7156144;1;1;1;PROGRAMA DE CERO A SIEMPRE;1;400000;93,5357463356167
7156145;1;1;1;DE CERO A SIEMPRE;1;400000;83,9825579416496
7156268;1;1;1;SUBSIDIO FAMI;1;50000;214,239740950794
7156281;1;1;1;0 A 5IEMPRE;2;600000;39,3738373960579
7156685;1;1;1;EPM AYUDA POR HIDROITUANGO;1;10000000;96,6772387674769
7156738;1;1;1;JOVENES EN ACCION;1;2400000;76,9920069743257
7156958;1;1;1;APOYO DE DESPLAZADOS;1;700000;2,12252859640901
7157283;1;1;1;NO;1;300000;10,6572309849285
7157465;1;1;1;FAMILIAS EN SUS TIERRAS;1;1400000;60,1230688957274
7157470;1;1;1;CAJASAI;1;384000;13,2707781535887
7157472;1;1;1;CAJASAI;1;280000;10,0495948407842
7157978;1;1;1;AYUDA HUMANITARIA;1;3000000;53,8806476181117
7158188;1;1;1;AYUDA HUMANITARIA POR UNA UNICA VES DOSCIENTOS OCHENTA MIL PESOS;1;280000;186,853627258977
7158330;1;1;1;INDEGNIZACION POR DESPLAZAMIENTO FORZADO;2;2100000;25,5256663517019
7158358;1;1;1;AYUDA HUMANITARIA;6;1000000;3,70280749328477
7158400;1;1;1;AYUDA HUMANITARIA;3;300000;5,08596942677967
7158617;1;1;1;JOVENES EN ACCION;1;1600000;155,760311601976
7159276;1;1;1;DESPLAZADOS;1;3690000;164,338513110069
7159280;1;1;1;UNIDAD DE VICTIMAS;1;580000;278,47643409407
7159294;1;1;1;UNION DE VICTIMAS;1;1460000;138,879950030891
7159300;1;1;1;UNIDAD DE VICTIMAS;4;580000;337,418952603493
7159306;1;1;1;UNION DE VICTIMAS;4;2340000;217,609023026392
7159316;1;1;1;DESPLAZADOS;1;990000;276,123640352847
7159317;1;1;1;DESPLAZADOS;1;900000;385,348637628653
7159326;1;1;1;UNIDAD DE VICTIMAS DE DESPLAZAMIENTO;3;580000;254,702609687891
7159331;1;1;1;DESPLAZADOS;1;800000;276,24544408522
7159334;1;1;1;DESPLAZADOS;1;500000;185,846768690164
7159339;1;1;1;DESPLAZADOS;1;470000;109,775038238105
7159340;1;1;1;UNIDAD DE VICTIMAS;4;997000;164,019449393061
7159345;1;1;1;DESPLAZADOS;1;800000;186,491442708736
7159356;1;1;1;UNIDAD DE VICTIMAS;5;840000;272,851675639234
7159358;1;1;1;UNIDAD DE VICTIMAS;6;995000;186,643392844691
7159363;1;1;1;DESPLAZADOS;1;800000;126,0010831482
7159378;1;1;1;DESPLAZADOS;1;533000;308,218510036364
7159390;1;1;1;DESPLAZADOS;1;900000;328,730021509372
7159654;1;1;1;UNIDAD DE VICTIMAS;1;408000;17,9415948441732
7160282;1;1;1;AYUDA HUMANITARIA;1;800000;63,354739783759
7160469;1;1;1;AYUDA HUMANITARIA;1;1433000;43,4282564968263
7160682;1;1;1;JOVENES EN ACCION;1;600000;23,7944722084119
7161347;1;1;1;SUSTITUCION DE CULTIVOS ILICITOS;1;6000000;21,1862539186292
7161705;1;1;1;UAU;5;700000;766,242296812477
7161713;1;1;1;SUBSIDIO COMFANDI CAJA DE COMPENSACION FAMILIAR;1;420000;693,072229771623
7161716;1;1;1;COMFAMILIAR;3;180000;276,596746721757
7161898;1;1;1;SUBSIDIO FAMILIAR;1;408000;292,473671778745
7161961;1;1;1;JOVENES EN ACCION;1;1000000;1167,46836998424
7162452;1;1;1;COMCAJA;1;540000;23,016571265053
7162492;1;1;1;JOVENES EN ACCION;1;800000;341,527944752648
7162714;1;1;1;UNIDAD DE VICTIMAS;3;280000;35,392604254489
7163142;1;1;1;CAJAMAG;2;56000;201,026600678325
7163150;1;1;1;CAJAMAG;1;500000;259,057285889373
7163255;1;1;1;AYUDA HUMANITARIA;4;900000;93,9458682929858
7163267;1;1;1;JOVENES EN ACCION;1;1200000;120,68906633241
7163617;1;1;1;DESPLA;1;12400000;61,7889334846245
7163818;1;1;1;CANASTA;1;1200000;16,1774080734004
7163828;1;1;1;BOGOTA TE NUTRE;1;120000;10,8682822436197
7163833;1;1;1;CANASTA FAMILIAR;2;1200000;9,41233879627299
7163836;1;1;1;CANASTA;1;120000;6,1477251423111
7163837;1;1;1;CANASTA;1;1200000;10,4896805675967
7163839;1;1;1;CANASTA RURAL;2;2000000;6,25507136511661
7163841;1;1;1;CANASTA;1;1200000;12,8075237878949
7163847;1;1;1;CANASTA RURAL;4;1200000;9,87779632213248
7163849;1;1;1;CANASTA RURAL;2;900000;8,94621389131917
7163850;1;1;1;CANASTA RURAL;1;600000;6,69162153749568
7163851;1;1;1;CANASTA;1;1200000;9,87779632213248
7163858;1;1;1;CANASTA;1;720000;6,1477251423111
7163862;1;1;1;CANASTA FAMILIAR;1;600000;6,1477251423111
7163880;1;1;1;LA CANASTA;1;2400000;9,12158563546764
7163887;1;1;1;CANASTA COMPLEMENTARIA;1;1200000;12,5497850616973
7163897;1;1;1;CDI FAMI;1;99;7,29044331649292
7163902;1;1;1;LA CANASTA;1;1200000;10,5605454609705
7163907;1;1;1;CANASTA;1;1200000;8,30812373342456
7163908;1;1;1;CANASTA HUMANITARIA;1;2400000;5,81165302998191
7163909;1;1;1;LA CANASTA;1;200000;19,1611924566024
7163918;1;1;1;CANASTA FAMILIAR;1;600000;9,02628610283826
7163932;1;1;1;CANASTA FAMILIAR;1;1000000;11,4206793931808
7163936;1;1;1;CANASTA FAMILIAR;1;1200000;8,80045455080876
7163942;1;1;1;CANASTA FAMILIAR;1;1200000;5,44771904880089
7163945;1;1;1;CANASTA;1;1800000;10,0208759459271
7163947;1;1;1;CANASTA FAMILIAR;1;1200000;10,362250199437
7163954;1;1;1;CANASTA;1;100000;15,8345884761088
7163957;1;1;1;CANASTA RURAL TIPO B;3;300000;8,57068470287376
7163968;1;1;1;LA CANASTA COMPLEMENTARIA;1;2500000;12,0379481456519
7163969;1;1;1;CANASTA FAMILIAR;1;99;6,1477251423111
7163972;1;1;1;ADULTO MAYOR;1;1440000;5,02866373735466
7163974;1;1;1;CANASTA RURAL TIPO B;2;200000;6,80298241747842
7163977;1;1;1;CANASTA FAMILIAR;1;1200000;9,5224431694077
7163978;1;1;1;CANASTA FAMILIAR;4;99;6,12881256473121
7164293;1;1;1;ATENCION HUMANITARIA;5;4500000;155,049282785945
7164346;1;1;1;DISCAPACIDAD;1;80000;156,08410205336
7164354;1;1;1;DISCAPACIDAD;1;960000;139,713176347699
7165118;1;1;1;AYUDA HUMANITARIA;5;2040000;991,624185970098
7165129;1;1;1;AYUDA HUMANITARIA;1;825000;1916,66592263725
7165136;1;1;1;UNIDAD DE VICTIMAS;3;800000;928,940016090847
7165145;1;1;1;UAO;2;1400000;613,083126257281
7165154;1;1;1;DESPLAZADOS;1;300000;279,729935553808
7165162;1;1;1;DESPLAZADOS;1;1800000;452,09449286144
7165163;1;1;1;DESPLAZDOS;1;900000;455,699254577686
7165168;1;1;1;DESPLAZADOS;1;600000;282,017439458711
7165172;1;1;1;DESPLAZADOS;1;1800000;488,154723864964
7165174;1;1;1;DESPLAZADOA;1;1800000;298,671991512687
7165175;1;1;1;DESPLAZADOS;1;500000;422,065881596826
7165176;1;1;1;DESPLAZADIS;1;1800000;136,835291555291
7165178;1;1;1;DESPLAZADOS;1;750000;243,87125004599
7165295;1;1;1;JOVENES EN ACCION;1;200000;104,453122009719
7165388;1;1;1;VICTIMAS DEL CONFLICTO ARMADO;3;1000000;163,704772907719
7165414;1;1;1;JOVENES EN ACCION;1;1200000;140,029216469873
7165422;1;1;1;AUXILIO UNIDAD DE VICTIMAS DEL CONFLICTO ARMADO;1;215000;146,681111242413
7165435;1;1;1;DESPLAZADOS;1;300000;166,568150186083
7165451;1;1;1;FAMILIAS DE MI TIERRA;1;1400000;216,951846590162
7165451;2;1;2;SOMOS RURALES;1;2400000;216,951846590162
7165453;1;1;1;FAMILIAS EN SU TIERRA;1;1400000;258,202459712241
7165456;1;1;1;SOMOS TIERRA;1;1400000;237,956769321644
7165461;1;1;1;MAS FAMILIAS EN SUS TIERRAS;1;400000;201,32107259855
7165466;1;1;1;RESTITUCION DE TIERRAS;1;98;112,255868422227
7165468;1;1;1;AYUDA HUMANITARIA POR DESPLAZAMIENTO;1;1300000;116,017387395377
7165519;1;1;1;SUBSIDIO DE ARRIENDO;1;400000;236,207668799705
7165809;1;1;1;UNIDAD CARITAS ALEGRES;1;450000;5,73016541370154
7165859;1;1;1;SEGURO DE COMFENALCO;1;336000;12,4066242873982
7165861;1;1;1;SUBSIDIO FAMILIAR COMFENALCO;2;672000;13,831405156454
7165934;1;1;1;COMFENALCO;1;360000;67,7101617349356
7165973;1;1;1;AYUDA HUMANITARIA;1;900000;166,198953974945
7166176;1;1;1;COLPENSIONES;1;189000;195,826824953545
7166246;1;1;1;OFICINA DE ATENCION A DESPLAZADOS;1;780000;42,4512119892276
7166521;1;1;1;POR DESPLAZAMIENTO 2;2;266000;71,9957640264341
7166623;1;1;1;JOVENES EN ACCION;1;600000;709,914968135051
7166752;1;1;1;ACCION SOCIAL DESPLAZAMIENTO;1;1000000;404,850490776824
7166769;1;1;1;AYUDA HUMANITARIA;1;300000;660,23241324121
7166775;1;1;1;AYUDA HUMANITARIA;1;1200000;872,163436058087
7167046;1;1;1;AYUDA HUMANITARIA;2;1300000;30,0605969882779
7167049;1;1;1;AYUDA HUMANITARIA;1;586000;52,4560297276943
7167063;1;1;1;AYUDA HUMANITARIA;1;1300000;32,7559397148556
7167068;1;1;1;AYUDA HUMANITARIA;1;600000;19,3721493562572
7167103;1;1;1;AYUDA HUMANITARIA;1;548000;55,9894133941905
7167217;1;1;1;AYUDAS HUMANITARIAS;1;2934000;68,1927438250839
7167584;1;1;1;JOVENES EN ACCION;1;1600000;10,1568674377307
7167813;1;1;1;JOVENES EN ACCION;1;2400000;6,52620412640764
7167876;1;1;1;DESPLAZADOS;1;415000;31,3384022381666
7167879;1;1;1;PNIS;1;6000000;12,5086388974644
7167888;1;1;1;PNIS;1;2000000;35,2148525430057
7167892;1;1;1;PNIS;1;2000000;18,7629583461967
7167902;1;1;1;PNIS;1;8000000;21,9368815667166
7167910;1;1;1;PNIS;1;2000000;21,1289115258034
7167915;1;1;1;LA UNIDAD PARA LA REPARACION DE VICTIMAS;1;1300000;6,50592480874901
7167923;1;1;1;PNIS;1;1800000;11,5464359053518
7167928;1;1;1;PNIS;1;1800000;11,5464359053518
7167930;1;1;1;PNIS;1;4000000;11,5464359053518
7167933;1;1;1;PNIS;1;1800000;11,5464359053518
7167935;1;1;1;PNIS;1;1800000;5,41769688490586
7167939;1;1;1;MEJORAMIENTO DE PRADERAS Y CONSERVACION DE BOSQUES;1;4000000;11,257775007718
7167949;1;1;1;PNIS;1;8000000;7,20496913820849
7167950;1;1;1;PNIS;1;3800000;12,5086388974644
7167951;1;1;1;PNIS;2;9000000;5,93047950523192
7168052;1;1;1;JOVENES EN ACCION;1;1600000;54,7430918777335
7168394;1;1;1;CAJAMAG;3;1008000;37,1852603029745
7168965;1;1;1;MERCADO;1;400000;301,868536823312
7169484;1;1;1;DISCAPACIDAD;1;960000;85,8270569227977
7169892;1;1;1;AYUDA HUMANITARIA DE VICTIMAS DEL DESPLAZAMIENTO FORZADO;3;2700000;271,441561418539
7170066;1;1;1;DESPLAZADO;5;700000;133,398465304837
7170520;1;1;1;CAJA DE COMPENSACION COMFACOR POR TRABAJO;2;736000;224,620060756626
7170853;1;1;1;JOVENES EN ACCION;1;200000;20,3241647773572
7170855;1;1;1;PROGRAMA PARA EL ADULTO MAYOR;1;720000;14,9009267014892
7170928;1;1;1;UNIDAD DE VICTICTIMAS;1;480000;4,49532996269672
7171340;1;1;1;COMFAMILIAR;1;336000;75,0730613474245
7171381;1;1;1;FAMILIAS EN ACCION;1;112000;305,049152443672
7171407;1;1;1;JOVENES EN ACCION;1;1200000;54,5571767131678
7171524;1;1;1;JOVENES EN ACCION;1;800000;59,3108460127911
7171609;1;1;1;JOVENES EN ACCION;1;1800000;273,601376537782
7171747;1;1;1;SUBSIDIOS FAMILIAR CAJA DE COMPENSACION FAMILIAR;1;300000;128,639626694234
7171770;1;1;1;CAJA DE COMPENSACION COFREM;1;140000;63,4472273342612
7171773;1;1;1;TECOA;1;1440000;69,3820512447609
7171778;1;1;1;VICTIMAS DE DESPLAZAMIENTO;1;2000000;70,7131238788739
7172043;1;1;1;SUSTITUCION DE TIERRAS;1;2000000;198,434877101211
7172046;1;1;1;PROGRAMA DE LA CRUZ ROJA;1;252500;84,3157369297908
7172048;1;1;1;CRUZ ROJA;2;760000;91,4454856764076
7172054;1;1;1;AYUDA HUMANITARIA;4;800000;161,431911570876
7172055;1;1;1;MERCADOS DE LA CRUZ ROJA;3;864000;134,274833398999
7172056;1;1;1;UNIDAD DE VICTIMAS;1;616000;103,945691144044
7172199;1;1;1;MAS FAMILIAS EN ACCION;1;117000;87,8610725921723
7172201;1;1;1;COMFACAUCA;2;720000;96,8685679655182
7172227;1;1;1;JOVENES EN ACCION;1;90000;87,476089272117
7172270;1;1;1;ADULTO MAYOR;1;960000;665,958229699129
7172272;1;1;1;AYUDA HUMANITARI;1;70000;1070,84580642517
7172275;1;1;1;SUBSIDIO DE VIVIENDA;1;1200000;500,113498185897
7172301;1;1;1;PROTECCION AL TESTIGO;2;2400000;1386,03258751901
7172612;1;1;1;COMFACOR;1;360000;289,676423269843
7172616;1;1;1;COMFACOR;2;720000;293,54814169018
7173097;1;1;1;SUBSIDIO DE ARRENDAMIENTO;1;1500000;57,6263011246186
7173343;1;1;1;DESPLAZAMIENTO FORZADO;1;99;255,095560693129
7173523;1;1;1;AYUDA HUMANITARIA POR DESPLAZAMIENTO;1;1758000;165,110325044644
7173819;1;1;1;CANASTA;1;1200000;13,9862407567956
7173836;1;1;1;LA CANASTA;1;1200000;12,2702149469247
7173843;1;1;1;CANASTA FAMILIAR;1;900000;12,2702149469247
7173844;1;1;1;CANASTA RURAL TIPO A;1;99;7,26362539840118
7173848;1;1;1;CANASTA RURAL B;2;2400000;8,1969668564148
7174143;1;1;1;AYUDAS HUMANITARIA S;1;1400000;42,7456606374989
7174602;1;1;1;SUBSIDIO FAMILIAR CAJA DE COMPENSACION FAMILIAR;3;1080000;106,020249898307
7174633;1;1;1;SUBSIDIO FAMILIAR CAJA DE COMPENSACION FAMILIAR;2;330000;161,481245523979
7174795;1;1;1;LEY DE VICTIMAS;1;900000;81,7132994188722
7175382;1;1;1;DESPLAZADOS;5;770000;11,4835381911323
7175391;1;1;1;VICTIMAS DEL CONFLICTO ARMADO;2;750000;14,5390268471873
7175393;1;1;1;DESPLAZADOS;5;1100000;13,0468321919828
7175424;1;1;1;DESPLAZADOS;1;400000;44,2562835284211
7175430;1;1;1;DESPLAZADOS;7;900000;14,2650386131391
7175431;1;1;1;DESPLAZADO;8;1000000;19,3959922484028
7175435;1;1;1;DESPLAZADOS;3;1700000;12,8308168459505
7175436;1;1;1;DESPLAZADOS;1;600000;13,1526989551978
7175633;1;1;1;SUBSIDIO FAMILIAR DE CONFENALCO;1;360000;8,38378725613031
7176044;1;1;1;CERO A SIEMPRE;1;600000;42,2213896409592
7176489;1;1;1;JOVENES EN ACCION;1;800000;7,56262571301633
7176494;1;1;1;JOVENES EN ACCION;1;400000;10,8309771260184
7176561;1;1;1;RENTA BASICA;1;8400000;13,6581147024841
7176593;1;1;1;SUBSIDIO COMFACASANARE;1;300000;129,642538133561
7176784;1;1;1;JOVENES EN ACCION;1;800000;356,330879749224
7176852;1;1;1;AYUDA HUMANITARIA PARA DESPLAZADOS;3;1500000;111,942681325778
7176956;1;1;1;JOVENES EN ACCION;1;2400000;127,164317759674
7177015;1;1;1;CRUZ ROJA COLOMBIANA;2;70000;65,2973189974385
7177022;1;1;1;ATENCION HUMANITARIA;1;990000;229,00970124004
7177025;1;1;1;VICTIMAS DE CONFLICTO ARMADO;1;150000;210,073024149207
7177047;1;1;1;VICTIMAS DE DESPLAZAMIENTO;1;210000;10,8652232464304
7177049;1;1;1;VICTIMA DE DESPLAZAMIENTO;1;3900000;67,0902686961263
7177050;1;1;1;VICTIMAS DE DESPLAZAMIENTO;1;1500000;47,4379493638562
7177092;1;1;1;DESPLAZAMIENTO DE VICTIMAS;1;400000;12,2962189592133
7177094;1;1;1;DESPLAZAMIENTO DE VICTIMAS;1;500000;10,593838822126
7177097;1;1;1;DESPLAZAMIENTO DE VICTIMAS;1;520000;13,1526989551978
7177159;1;1;1;PROGRAMA DE COMEDORES DE ADULTO MAYOR;1;1728000;158,682899063987
7177248;1;1;1;SUBSIDIO DESEMPLEO CONFA;1;894000;115,517367433023
7177322;1;1;1;CERO A SIEMPRE Y MERCADO;1;840000;401,569426097216
7177343;1;1;1;AYUDA HUMANITARIA;1;260000;232,542279801362
7177572;1;1;1;JOVENES EN ACCION;1;800000;365,45750781685
7177798;1;1;1;CRECRIMIENTO Y DESARROLLO;1;900000;77,1320704428843
7178150;1;1;1;COMFACESAR;2;600000;58,9602186996817
7178249;1;1;1;BENEFICIARIOS CESANTES;1;1185000;338,26320237925
7178250;1;1;1;CAJAMAG;2;708000;252,249948860204
7178513;1;1;1;SUBSIDIO DE DESPLAZADOS;1;380000;79,710413357237
7178894;1;1;1;SUBSIDIO AL DESEMPLEO1;2;1000000;1361,13828095515
7178979;1;1;1;BONO POR DISCAPACIDAD;1;1500000;1524,01769169102
7179012;1;1;1;CANASTA FAMILIAR;3;99;8,00732022506478
7179018;1;1;1;CANASTA FAMILIAR;4;99;8,81006650753818
7179026;1;1;1;CANASTA FAMILIAR;1;1200000;6,94806885637003
7179027;1;1;1;CANASTA FAMILIAR;4;99;13,8966525223487
7179029;1;1;1;CANASTA FAMILIAR;1;1200000;10,4896805675967
7179031;1;1;1;CANASTA ALIMENTARIA;5;99;8,24485496635923
7179033;1;1;1;CANASTA FAMILIAR;1;1200000;10,1969109022523
7179034;1;1;1;CANASTA FAMILIAR;3;99;10,3433376218571
7179043;1;1;1;CANASTA FAMILIAR;4;99;9,87779632213248
7179050;1;1;1;CANASTA FAMILIAR;1;1200000;9,20266121019351
7179053;1;1;1;CARACOLITOS DE USME;1;99;10,355040811122
7179057;1;1;1;CANASTA FAMILIAR;1;1500000;9,64987353756744
7179060;1;1;1;CANASTA FAMILIAR;1;1500000;8,80045455080876
7179063;1;1;1;CANASTA FAMILIAR;2;99;7,64153294065965
7179064;1;1;1;CANASTA FAMILIAR;1;1800000;7,64153294065965
7179066;1;1;1;CANASTA FAMILIAR;8;99;10,8618504522326
7179067;1;1;1;CANASTA FAMILAR;1;1200000;8,80045455080876
7179088;1;1;1;CANASTA FAMILIAR;2;99;6,94806885637003
7179092;1;1;1;CANASTA FAMILIAR;2;99;4,84304419165159
7179098;1;1;1;CANASTA FAMILIAR;1;1800000;10,5925755524165
7179109;1;1;1;CANASTA FAMILIAR;1;12000000;4,84304419165159
7179116;1;1;1;DESEMPLEO;1;1140000;782,370600243618
7179367;1;1;1;APOYO AL DISCAPACITADO;1;960000;109,683470076469
7179410;1;1;1;PLOBACION VICTIMA;1;700000;276,974506373019
7179649;1;1;1;AYUDA HUMANITARIA POR DESPLAZAMIENTO FORZADO;1;520000;26,5628362960025
7179791;1;1;1;AYUDA HUMANITARIA;1;450000;63,7917622220435
7179809;1;1;1;JOVENES EN ACCION;1;2400000;40,8855949721445
7180257;1;1;1;REPARACION DE VICTIMAS;1;800000;46,0051809044332
7180368;1;1;1;MIL DIAS;2;300000;4,54140840492687
7180376;1;1;1;TRANSFERENCIAS;1;76048;3,23271884106066
7180387;1;1;1;PROGRAMA DE CERO A SIEMPRE;1;840000;13,1939035370205
7180387;2;1;2;SISTEMA GENERAL DE PARTICIPACIONES SGP DNP;1;600000;13,1939035370205
7180394;1;1;1;SISTEMA GENERAL DE PARTICIPACIPACIONES SGP DNP;1;600000;7,03708639666122
7180398;1;1;1;PROGRAMA DE CERO A SIEMPRE;1;840000;5,57768269829112
7180398;2;1;2;SISTEMA GENERAL DE PARTICIPACIONES SGP DNP;1;600000;5,57768269829112
7180402;1;1;1;PROGRAMA DE CERO A SIEMPRE;1;840000;14,7906624530138
7180402;2;1;2;SISTEMA GENERAL DE PARTICIPACIONES SGP DNP;1;600000;14,7906624530138
7180403;1;1;1;SISTEMA GENERAL DE PARTICIPACIONES SGP DNP;1;600000;11,8379806234781
7180407;1;1;1;SISTEMA GENERAL DE PARTICIPACIONES SGP DNP;1;600000;13,6565389095254
7180413;1;1;1;SISTEMA GENERAL DE PARTICIPACIONES SGP DNP;2;1200000;14,0583318656288
7180415;1;1;1;SISTEMA GENERAL DE PARTICIPACIONES SGP DNP;1;600000;13,4627862068617
7180422;1;1;1;SISTEMA GENERAL DE PARTICIPACIONES SGP DNP;1;600000;10,9365136032955
7180425;1;1;1;SISTEMA GENERAL DE PARTICIPACIONES SGP DNP;1;600000;13,3368362195464
7180430;1;1;1;SISTEMA GENERAL DE PARTICIPACIONES SGP DNP;1;600000;9,55842194529802
7180430;2;1;2;PROGRAMA DE CERO A SIEMPRE;1;840000;9,55842194529802
7180766;1;1;1;AYUDA HUMANITARIO;1;880000;33,3705719194795
7180785;1;2;1;CRUZ ROJA COLOMBIANA;3;1440000;170,349729556292
7180787;1;1;1;ICBF;2;50000;135,191433245053
7180827;1;1;1;ALCALDIA DE DURANIA;1;80000;88,278062386139
7180828;1;1;1;TANQUE DE AGUA;1;200000;88,278062386139
7180830;1;1;1;ALCALDIA DE DURANIA;4;60000;62,4900380031175
7180917;1;1;1;PROGRAMA ADULTO MAYOR;2;1900000;1042,84441810884
7180922;1;1;1;AYUDA HUMANITARIA;1;340000;1021,42716212505
7180923;1;1;1;AYUDA HUMANITARIA;1;1000000;588,271210215244
7180976;1;1;1;ADULTO MAYOR;1;960000;1042,84441810884
7180993;1;1;1;DESPLAZADOS;2;2340000;686,103585222084
7181064;1;1;1;JOVENES EN ACCION;1;400000;71,0793373656792
7181064;2;1;2;GENERACION E;1;99;71,0793373656792
7181599;1;1;1;AYUDA HUMANITATIA;4;1000000;13,89344399309
7181630;1;1;1;VICTIMAS DE CONFLICTO ARMADO;1;1300000;4,51804360135339
7181655;1;1;1;COMITE DE CAFETEROS;1;100000;6,59984186242188
7181765;1;1;1;SUBSIDIO DADO POR EL EJERCITO;1;600000;281,970073590083
7181820;1;1;1;SUBSIDIO DE CONFAMILIARES;2;840000;22,953687197533
7181951;1;1;1;DESPLAZADOS;1;750000;70,6296198940416
7182064;1;1;1;FAMILIAS EN ACCION;1;64000;217,508122490558
7182225;1;1;1;DESPLASADOS POR LA VIOLENCIA;1;200000;23,9261121958177
7182229;1;1;1;VICTIMAS;1;200000;21,7257855170583
7182247;1;1;1;REPARACION DE VICTIMAS;1;519000;24,6985131892862
7182254;1;1;1;APOYO AL DESPLAZADO;1;1400000;2,61856365145131
7182289;1;1;1;CERO A SIEMPRE;1;120000;17,5530531196085
7182297;1;1;1;CERO A SIEMPRE;1;300000;12,7980117505753
7182727;1;1;1;DESPLAZADO;1;450000;13,6020995026614
7182855;1;1;1;DESPLADOS;1;780000;20,697292510555
7182875;1;1;1;DESPLAZADOS;5;1080000;18,4817932144717
7183302;1;1;1;AYUDA HUMANITARIA DE LA UNIDAD DE VICTIMAS DPS;1;400000;3,59620111603447
7183704;1;1;1;MIL DIAS;1;99;14,7370468149911
7183860;1;1;1;PNIS;1;12000000;13,6379056327052
7183884;1;1;1;PENIS;1;4000000;19,5947697711739
7183978;1;1;1;PNIS;1;3000000;9,59560318581972
7183982;1;1;1;PNIS;1;3000000;19,6120578258583
7184109;1;1;1;MERCADO ALCALDIA;1;1200000;30,8153231563357
7184109;2;1;2;MERCADO GOBERNACION;1;1200000;30,8153231563357
7184477;1;1;1;CRECIMIENTO Y DESARROLLO;1;1140000;157,112985831046
7184498;1;1;1;CRECIMIENTO Y DESARROLLO;1;840000;124,054739306961
7184499;1;1;1;PROGRAMA UNIDAD PARA LAS VICTIMAS;1;1300000;114,155431296186
7184568;1;1;1;CAJAMAG;2;504000;176,174411034027
7184590;1;1;1;AYUDA A DESPLAZADOS;1;450000;238,32690559286
7184593;1;1;1;AYUDA HUMANITARIA;1;500000;217,358782177249
7184598;1;1;1;AYUDA HUMANITARIA;1;230000;210,389724877243
7184602;1;1;1;AYUDA HUMANITARIA;1;700000;236,65684510714
7184778;1;1;1;SUSTI;1;4000000;12,3315594589365
7184911;1;1;1;RIO PAILA CASTILLA;1;1200000;62,3072739330247
7184941;1;1;1;AYUDAS HUMANITARIAS VICTIMAS DEL CONFLICTO ARMADO;1;700000;36,4461870323717
7184951;1;1;1;TEKOA;1;120000;42,9450662890997
7184956;1;1;1;CAJA DE COMPESACION COMFREM;3;936000;19,3410419316229
7184959;1;1;1;CAJA DE COMPESACION COFREM;2;744000;25,4271299019051
7184966;1;1;1;TEKOA;2;1200000;35,2105270922217
7184967;1;1;1;TECOE;2;1200000;28,6837551811972
7185034;1;1;1;JOVENES EN ACCION;2;4800000;205,834072598315
7185196;1;1;1;CENTRO VIDA;2;4000000;63,4261828950837
7185521;1;1;1;SUBSIDIO FAMILAR DE CAJA DE COMPENSACION DE CORDOBA COMFACOR;2;720000;324,591916964105
7186086;1;1;1;DESPLAZADOS;3;240000;10,47453617491
7186312;1;1;1;JOVENES EN ACCION;1;2400000;530,15245211138
7186436;1;1;1;DESPLAZADO;1;4000000;65,5304462673447
7186820;1;1;1;AYUDA HUMANITARIA;1;400000;802,403318943404
7186932;1;1;1;SUSTITUCION DE CULTIVOS ILICITOS;1;2000000;23,2076845737925
7186938;1;1;1;AYUDA HUMANITARIA;1;266000;17,1127797327732
7186942;1;1;1;AYUDA HUMANITARIA;1;1000000;20,710492045006
7186947;1;1;1;AYUDA HUMANITARIA;1;240000;39,9689472639997
7186950;1;1;1;SUSTITUCION DE CULTIVOS ILICITOS;1;2000000;24,1314295701017
7186953;1;1;1;SUSTITUCION DE CULTIVOS ILICITOS;1;2000000;23,838996451476
7186967;1;1;1;SUSTITUCION DE CULTIVOS ILICITOS;1;2000000;29,4006364628414
7186971;1;1;1;AYUDA HUMANITARIA;8;3000000;27,312608412971
7187461;1;1;1;DESPLAZAMIENTO FORZADO;1;400000;35,1002748287611
7187485;1;1;1;DE CERO A SIEMPRE;2;2400000;5,88138011033101
7187485;2;1;2;SISTEMA GENERAL DE PARTICIPACIONES SGP DNP;1;600000;5,88138011033101
7187684;1;1;1;JOVENES EN ACCION;1;300000;377,486042135446
7187684;2;1;2;CAJA DE COMPENSACION FAMILIA;1;300000;377,486042135446
7188184;1;1;1;EXCOMBATIENTE DE LAS FARC REINSERCION A LA VIDA CIVIL;1;21600000;134,414968401422
7189401;1;1;1;AYUDA HUMANITARIA;1;760000;193,929398953494
7189415;1;1;1;RESTITUCION DE CULTIVOS ILICITOS;1;12000000;34,3306052816242
7189417;1;1;1;SUSTITUCION DE CULTIVOS ILICITOS;1;1800000;28,5897867310327
7189480;1;1;1;AYUDA HUMANITARIA;1;200000;26,3285557502422
7189485;1;1;1;AYUDA HUMANITARIA POR DESPLAZAMIENTO FORZADO;2;570000;31,8091728002522
7189501;1;1;1;AYUDA HUMANITARIA;1;350000;34,0216568618492
7190075;1;1;1;MEJORAMIENTO DE VIVIENDA;1;4000000;59,9524443024537
7190119;1;1;1;INDEMNIZACION DE DESPLAZADO;1;12000000;105,86245765667
7190152;1;1;1;FAMI;1;300000;49,8075490857679
7190157;1;1;1;BIENESTAR FAMILIAR;1;100000;5,43677561797601
7190284;1;1;1;JOVENES EN ACCION1;1;800000;575,966126540281
7190565;1;1;1;FAMILIA EN SU TIERRA;1;1400000;8,83207274573753
7191063;1;1;1;DESPLAZADOS;6;1236800;42,213463025131
7191475;1;1;1;CANASTA COMPLEMENTARIA;4;650000;12,9752711685238
7191476;1;1;1;CANASTA;1;1200000;6,93462038105045
7191477;1;1;1;CANSTA;1;1200000;10,1887105875462
7191479;1;1;1;CANASTA;1;1460000;10,9835274373924
7191482;1;1;1;CANASTA;2;2000000;10,5082914736552
7191482;2;1;2;CANASTA;1;1000000;10,5082914736552
7191485;1;1;1;CANASTA FAMILIAR;4;99;10,4249174606825
7191486;1;1;1;CANAST;1;1440000;17,0768100823467
7191491;1;1;1;CANASTA;1;1200000;12,8587976493656
7191493;1;1;1;CANASTA;1;1200000;7,60890770554078
7191495;1;1;1;LA CANASTA;1;1200000;12,1604856997787
7191498;1;1;1;CANASTA;1;2400000;13,8163335992493
7191499;1;1;1;LA CANASTA;1;1200000;7,85503709791568
7191504;1;1;1;CANASTA FAMILIAR;1;1500000;8,33499702494928
7191510;1;1;1;CANASTA FAMILIAR;1;99;8,10699046651914
7191512;1;1;1;CANASTA;1;800000;6,45739225553545
7191514;1;1;1;CANASTA;1;1200000;12,1604856997787
7191515;1;1;1;LA CANASTA;1;2000000;17,2425747655369
7191516;1;1;1;LA CANASTA;1;700000;11,2444192466052
7191519;1;1;1;CANASTA;1;480000;10,0703249513591
7191522;1;1;1;CANASTA;1;800000;10,0703249513591
7191525;1;1;1;CANASTA FAMILIAR;1;900000;4,84304419165159
7191528;1;1;1;CANASTA RURAL TIPO A;1;650000;5,44771904880089
7191533;1;1;1;CANASTA;1;2400000;9,85185862717327
7191536;1;1;1;CANASTA RURAL;4;1800000;9,03798929210321
7191537;1;1;1;CANASTA;1;1200000;12,1269634566751
7191540;1;1;1;CANASTA;1;1800000;10,5720798090458
7191545;1;1;1;CANASTA FAMILIAR;1;720000;6,1477251423111
7191550;1;1;1;CANASTA;1;1800000;8,33621775344689
7191562;1;1;1;CANASTA;1;1200000;8,84398959983906
7191590;1;1;1;CANASTA RURAL TIPO A;1;800000;6,11546249703633
7191592;1;1;1;CANASTA FAMILIAR;1;800000;7,37727017077332
7191595;1;1;1;CANASTA RURAL TIPO A;3;1200000;6,64380993112946
7191709;1;1;1;SUBSIDIO SISBEN;1;960000;183,933355387085
7192067;1;1;1;SUSTITUCION DE CULTIVOS ILICITOS;1;12000000;4,23819773293642
7192387;1;1;1;MUJERES EMPODERADAS;1;371875;24,6014441631611
7192436;1;1;1;ATENCION A PRIMERA INFANCIA DEL BIENESTAR FAMILIAR;3;600000;197,14278951276
7192448;1;1;1;SUBSIDIO CAJA DE COMPENSACION COFREN;1;360000;61,4623803560616
7192458;1;1;1;CAJA DE COMPENSACION COFREM;2;624000;11,9043055232596
7192462;1;1;1;CAJA DE COMPESACION COFREM;1;312000;46,6561914131562
7192463;1;1;1;CAJA DE COMPESACION COFREM;3;1272000;35,501651443786
7192465;1;1;1;CAJA DE COMPESACION COFREM;1;300000;71,0804231746756
7192467;1;1;1;CAJA DE COMPENSACION COFREM;3;936000;64,1829701141685
7192468;1;1;1;CAJA DE COMPENSACION COFREM;1;312000;87,076296194877
7192472;1;1;1;CAJA DE COMPENSACION COFREM;1;312000;46,2715694620815
7192477;1;1;1;CAJA DE COMPENSACION COFREM;2;624000;29,1960044438918
7192482;1;1;1;CAJA DE COMPENSACION COFREM;2;1728000;30,0489481875349
7192559;1;1;1;DE CERO A SIEMPRE;2;600000;51,6453800361859
7192656;1;1;1;FUNDEESTAR;1;140000;33,9362727413352
7192845;1;1;1;SUBSIDIO DE DESPLAZADOS;1;600000;15,7445767309709
7193067;1;1;1;JOVENES EN ACCION;1;1200000;1196,28032448346
7193159;1;1;1;DESPLAZADOS;2;1320000;1371,79813470468
7193160;1;1;1;DESPLAZADOS;1;813000;992,187893929434
7193170;1;1;1;DESPLAZADOS;1;400000;1320,30848069202
7193291;1;1;1;REPARACION DE VICTIMAS AYUDA HUMANITARIA;4;1400000;414,59009717487
7193400;1;1;1;JOVENES EN ACCION;1;1600000;71,209555172261
7193699;1;1;1;JOVENES EN ACCION;1;200000;8,97679532018641
7193763;1;1;1;JOVENES EN ACCION;1;200000;4,47765226324459
7193764;1;1;1;AYUDA HUMANITARIA;1;1000000;4,61387895116378
7193926;1;1;1;DESPLAZADOS POR LA VIOLENCIA;2;16800000;55,8188412602118
7193938;1;1;1;UNIDAD DE VICTIMAS;1;410000;95,0776930474959
7193941;1;1;1;AYUDA HUMANITARIA POR DESPLAZAMIENTO FORZADO;1;500000;126,982540890812
7194048;1;1;1;VICTIMAS DEL CONFLICTO;1;99;26,4277911193522
7194092;1;1;1;TIQUETES TRANSPORTE ESTUDIANTIL;1;655200;193,543786525968
7194210;1;1;1;REPARACION DE VICTIMAS;1;250000;17,2741541259942
7194465;1;1;1;DAMNIFICADOS DE HIDROHITUANGO;1;13200000;96,430797735688
7194754;1;1;1;DESPLAZAMIENTO;1;1100000;58,1393031160345
7194778;1;1;1;ADULTO MAYOR;1;540000;10,5918817371301
7194835;1;1;1;FAMILIA EN ACCION;1;1080000;6,75857763190333
7195940;1;1;1;JOVENES EN ACCION;1;400000;20,3052454434647
7196457;1;1;1;MERCADO DE LOS ADULTOS MAYORES;1;500000;26,1935068866662
7196458;1;1;1;MERCADOS POR LA ALCALDI;2;140000;22,3011053752776
7196477;1;1;1;PROGRESO PARA NUNCHIA;1;240000;29,2914906328994
7196499;1;1;1;PAQUETE NUTRICIAL GOBERNACI;1;600000;33,3996866206293
7196644;1;1;1;FAMILIAS EN AXION;2;600000;30,8624873409821
7196644;2;1;2;ADULTO MAYOR;1;600000;30,8624873409821
7196649;1;1;1;VICTIMAS;1;400000;24,0994584305982
7196859;1;1;1;DESPLAZADOS;1;350000;34,1513154701974
7197045;1;1;1;JOVENES EN ACCION;1;400000;301,742822214102
7197089;1;1;1;DESPLAZADOS;1;1500000;381,702273506117
7197116;1;1;1;CRECIMIENTO Y DESARROLLO;1;960000;188,076445814846
7197141;1;1;1;CRECIMIENTO Y DESARROLLO;1;1020000;382,455195867803
7197147;1;1;1;CRECIMIENTO Y DESARROLLO;1;1020000;214,27667011207
7197382;1;1;1;SUBSIDIO DE DESPLAZADOS;1;380000;78,548868779835
7197491;1;1;1;SUSTITUCION DE CULTIVOS ILICITOS;1;2000000;50,5436101563307
7197497;1;1;1;SUSTITUCION DE CULTIVOS ILICITOS;1;2000000;34,1197635615894
7197500;1;1;1;SUSTITUCION DE CULTIVOS ILICITOS;1;2000000;16,0141407167692
7197505;1;1;1;SUSTITUCION DE CULTIVOS ILICITOS;1;2000000;27,2267532412829
7197523;1;1;1;SUSTITUCION DE CULTIVOS ILICITOS;1;2000000;16,0141407167692
7197557;1;1;1;COMEDOR COLOMBIA MAYOR;1;3600000;25,3687372265154
7197573;1;1;1;AYUDA HUMANITARIA;2;600000;20,8933504759493
7197589;1;1;1;AYUDA HUMANITARIA;1;775000;21,0293589373253
7197598;1;1;1;BANCO DE ALIMENTOS;3;180000;36,3708921007815
7197603;1;1;1;AYUDA HUMANITARIA;3;900000;22,5022802356395
7197605;1;1;1;AYUDA HUMANITARIA;2;400000;39,5340973653226
7197614;1;1;1;AYUDA HUMANITARIA;2;400000;31,9943377394908
7197702;1;1;1;SUSTITUCION DE CULTITIVOS;1;8000000;27,9603569552337
7197712;1;1;1;SUBSIDIO DE GAS PROPANO;1;36000;8,91960602635709
7197713;1;1;1;SUBSIDIO DE GAS;1;200000;19,1200073972505
7197715;1;1;1;SUBSIDIO DE GAS;1;90000;19,0041322893552
7197718;1;1;1;SUSTITUCION DE CULT;1;2000000;12,1600035359618
7197718;2;1;2;SUBSIDIO DE GAS PROPANO;1;100000;12,1600035359618
7198060;1;1;1;SUBSIDIO DE DESPLAZADOS;1;412000;102,207537130099
7198232;1;1;1;DESPLAZADOS;2;100000;96,2156722106099
7198363;1;1;1;DESPLAZAMIENTO;1;760000;191,818917783859
7198406;1;1;1;SUBSUDIO PARA DESPLAZADOS A CAUSA DEL CONFLICTO ARMADO;1;1200000;153,786647510235
7198417;1;1;1;JOVENES EN ACCION;1;2400000;394,842118982705
7198710;1;1;1;UNIDAD DE VICTIMAS;1;600000;224,155494344516
7199221;1;1;1;INDEMNISACION DE DESPLAZADO;1;900000;169,921145658855
7199229;1;1;1;INDEMNIZACION DE DESPLAZADO;1;700000;154,195715279604
7199329;1;1;1;COMFACA;2;350000;46,8994204712746
7199375;1;1;1;AYUDA HUMANITARIA;1;1140000;16,2118446864661
7199486;1;1;1;DESMOVILIZADO;1;9600000;3,50060191346909
7199543;1;1;1;AYUDA HUMANITARIA;2;1200000;12,1837595310976
7199557;1;1;1;SUST;1;4000000;23,3477679523152
7199560;1;1;1;PEN;1;4000000;11,5398743813909
7199574;1;1;1;JOVENES EN ACCION;2;1600000;318,041590471575
7199820;1;1;1;PROGRAMA DE CERO A SIEMPRE;2;1800000;20,8204246408788
7199998;1;1;1;LEY DE VICTIMAS;1;200000;43,3080610865544
7200043;1;1;1;PROGRAMA ADULTO MAYOR;1;960000;560,865355920905
7200090;1;1;1;DESPLAZADOS;1;2000000;246,723411673319
7200092;1;1;1;PROGRAMA DE DESPLAZADO;5;1160000;362,050310144033
7200092;2;1;2;JOVENES EN ACCION;1;1600000;362,050310144033
7200093;1;1;1;DESPLAZADOS;1;700000;172,638993192317
7200117;1;1;1;PROGRAMA DESPLAZADOS;1;1000000;780,480736631585
7200125;1;1;1;PROGRAMA DE DESPLAZADOS;1;600000;320,838906234988
7200127;1;1;1;DESPLAZADOS;3;700000;355,354082640415
7200128;1;1;1;PROGRAMA DE DESPLAZADOS;4;826000;307,19021059017
7200133;1;1;1;DE CERO A SIEMPRE;1;200000;318,252231448787
7200149;1;1;1;PROGRAMA DE DESPLAZADOS;1;2400000;252,634657443288
7200155;1;1;1;DESPLAZADOS;1;1300000;337,473836687171
7200161;1;1;1;DESPLAZADOS;1;40000;307,723600003018
7200167;1;1;1;AYUDA HUMANITARIA;1;540000;246,826781667277
7200177;1;1;1;PROGRAMA DESPLAZADOS;1;800000;243,010069303266
7200195;1;1;1;DESPLAZADOS;1;410000;295,384025034813
7200196;1;1;1;DESPLAZADO;1;1051000;357,097120933983
7200205;1;1;1;DSPLAZADOS;1;1400000;358,106294732331
7200209;1;1;1;PROGRAMA DESPLAZADOS;1;510000;200,403634450476
7200210;1;1;1;DESPLAZADOS;1;570000;198,242828077406
7200211;1;1;1;RESTITUCION DE CULTIVOS;3;4000000;305,729250127139
7200212;1;1;1;DESPLAZADOS;1;280000;226,352726760915
7200221;1;1;1;PROGRAMA DESPLAZADOS;4;1150000;925,969527817454
7200235;1;1;1;DESPLAZADOS;1;200000;141,556618232516
7200237;1;1;1;SUBSIDIO DE COMFAMILIAR;3;232000;128,083038902041
7200238;1;1;1;DESPLAZADOS;1;615000;118,502703036663
7200242;1;1;1;DESPLAZAMIENTO;2;900000;169,640771597952
7200243;1;1;1;PROGRAMA DESPLAZADOS;2;800000;184,004433158127
7200245;1;1;1;PROGRAMA DESPLAZADO;7;99;207,582674970597
7200250;2;1;2;DE CERO A SIEMPRE;1;200000;85,6403466246497
7200250;1;1;1;DESPLAZADOS;1;120000;85,6403466246497
7200251;1;1;1;DESPLAZADOS;2;300000;165,403739569153
7200253;1;1;1;DESPLAZADOS;1;900000;168,439390045006
7200259;1;1;1;DESPLAZADO;1;300000;114,495582632963
7200268;1;1;1;DESPLAZADOS;1;760000;201,520472790188
7200269;1;1;1;MADRES FAMI;1;1200000;105,392904381198
7200275;1;1;1;PROGRAMA DESPLAZADO;1;3000000;105,020108924375
7200277;1;1;1;DESPLAZADOS;1;200000;148,067821923188
7200288;1;1;1;DESPLAZADOS;5;750000;62,0343536447783
7200289;1;1;1;DESPLAZADOS;9;550000;120,249677573082
7200290;1;1;1;DESPLAZADOS;1;1045000;92,4689021275111
7200293;1;1;1;DESPLAZDOS;1;400000;637,973200173745
7200299;1;1;1;DESPLAZADOS;1;640000;718,008529308481
7200301;1;1;1;MADRES FAMI;1;30000;727,654559934936
7200307;1;1;1;DESLAZADOS;5;700000;818,337810269281
7200309;1;1;1;DESPLAZADOS;1;400000;709,069696389706
7200311;1;1;1;DESPLAZADO;1;100000;580,942204985401
7200317;1;1;1;DESPLAZADOS;2;840000;681,55031840702
7200321;1;1;1;DESPLAZADOS;2;723000;619,27457097349
7200323;1;1;1;DESPLAZADOS;3;200000;537,365086752127
7200325;1;1;1;DRSPLAZADOS;3;600000;479,681847791117
7200328;1;1;1;DESPLAZADOS;4;780000;621,257076448567
7200329;1;1;1;DESPLAZADOS;2;700000;653,471443939055
7200337;1;1;1;1;4;410000;785,126967472214
7200337;2;1;2;DE CERO A SIEMPRE;1;100000;785,126967472214
7200573;1;1;1;AYUDA HUMANITARIA;1;400000;210,35369714797
7200997;1;1;1;ACUERDO DE PAZ;2;18218552;11,4527867881102
7201045;1;1;1;AUXILIO MOKANA;1;900000;354,178772878285
7201046;1;1;1;MERCADO;1;1000000;332,482795952123
7201108;1;1;1;JOVENES EN ACCION;1;1600000;36,6065437397641
7201620;1;1;1;MOVILIDAD ESCOLAR;2;2280000;2430,83520853485
7201728;1;1;1;BONO DE ALIMENTACION;1;1700000;2729,05514751763
7201819;1;1;1;BONO DE ADULTO MAYOR;3;4320000;4,25132755834164
7201830;1;1;1;CANASTA A;1;1200000;9,74219566994695
7201831;1;1;1;CANASTA A;1;120000;9,12158563546764
7201834;1;1;1;CANASTA TIPO A;1;1000000;7,26362539840118
7201838;1;1;1;CANASTA TIPO A;1;1000000;8,1969668564148
7201841;1;1;1;CANASTA A;1;1200000;10,9949437304119
7201844;1;1;1;CANASTA TIPO A;1;960000;10,1887105875462
7201846;1;1;1;CANASTA TIPO A;1;1500000;13,6210979731096
7201853;1;1;1;CANASTA TIPO B;1;2500000;10,0019964299391
7201858;1;1;1;CANASTA FAMILIAR;1;1200000;5,44771904880089
7201863;1;1;1;CANASTA FAMILIAR;4;1200000;10,1051355014683
7201864;1;1;1;BONO DE MERCADO;1;99;10,362250199437
7201868;1;1;1;CANASTA FAMILIAR;3;99;8,33499702494928
7201869;1;1;1;CANASTA FAMILIAR;3;1200000;5,53650827594122
7201879;1;1;1;CANASTA RURAL;1;800000;7,89798025953399
7201880;1;1;1;CANASTA FAMILIAR;4;99;10,3433376218571
7201901;1;1;1;CANASTA FAMILIAR;2;99;8,82897908511807
7201919;1;1;1;SEMILLAS Y AGUA;1;103000;12,090357915137
7201920;1;1;1;CANASTA RURAL TIPO A;2;1560000;7,61404400697879
7201967;1;1;1;TERCERA EDAD;1;1200000;148,506149570594
7202126;1;1;1;GOBERBMNACION;1;840000;746,241869921332
7202175;1;1;1;DESMOVILIZADOS;1;8400000;30,2056969618994
7202201;1;1;1;PROGRAMA FAMI;1;250000;31,896228638049
7202235;1;1;1;AYUDAS HUMANITARIAS;2;1500000;14,7509437804563
7202236;1;1;1;AYUDAS HUMANITRIAS;2;1500000;26,3054560600657
7202237;1;1;1;AYUDAS HUMANITARIA;2;1500000;24,6151969233461
7202286;1;1;1;VICTIMAS DE DESPLAZAMIENTOS;1;700000;79,4501430749157
7202309;1;1;1;UNIDAD DE VICTIMAS;1;400000;496,151992849815
7202570;1;1;1;CAJA DE COMPENSACION COFREM;1;360000;46,3773923439781
7202571;1;1;1;TECOA;1;384000;24,4681599979973
7202576;1;1;1;CAJA DE COMPENSACION COFREM;3;936000;68,3142367901958
7202590;1;1;1;CAJA DE COMPENSACION COFREM;3;1080000;170,961399803307
7202609;1;1;1;TEKOA;1;480000;102,928226695865
7202614;1;1;1;TEKOA;2;960000;148,872631256864
7202639;1;1;1;TEKOA;1;100000;246,906464039896
7202645;1;1;1;CAJA DE COMPESACION COFREM;3;936000;128,030959183663
7202791;1;1;1;JOVENES EN ACCION;1;4000000;49,0746952696986
7202846;1;1;1;PROGRAMA MUNDIAL DE ALIMENTOS DE NACIONES UNIDAS;5;750000;175,782316512102
7202855;1;1;1;DESPLAZADOS;1;279000;743,794485501595
7202860;1;1;1;DESPLAZADOS;1;1200000;826,853869233493
7202962;1;1;1;DESPLAZADOS;1;1400000;34,771807180452
7202993;1;1;1;DESPLAZADOS;1;700000;48,6686856469586
7203007;1;1;1;DESPLAZADOS;4;1000000;114,498208558698
7203023;1;1;1;DESPLAZADOS;1;700000;135,031252350252
7203042;1;1;1;DESPLAZADO;1;800000;206,306806235565
7203052;1;1;1;GAS;1;54000;44,7857908191167
7203063;1;1;1;DESPLAZADOS;1;800000;36,0410772718255
7203103;1;1;1;DESPLAZADOS;2;350000;55,6212451840479
7203169;1;1;1;AYUDAS A DESPLAZADOS;1;430000;79,370133801507
7203182;1;1;1;ASOCIACION DE VICTIMAS;1;1000000;127,021103799426
7203297;1;1;1;CDI MADRES FAMI;1;450000;154,537212193242
7203633;1;1;1;AYUDA HUMANITARIA;3;700000;15,2658423802974
7203899;1;1;1;JOVENES EN ACCION;1;800000;277,501038885835
7204003;1;1;1;UNIDAD DE VICTIMAS DE DESPLAZAMIENTO FORZADO;1;500000;21,3187228630306
7204083;1;1;1;CONFAMA;2;240000;552,24860408233
7204478;1;1;1;AYUDA HUMANITARIA;1;800000;110,930818502539
7204529;1;1;1;AYUDAS POR DESPLAZAMIENTO;1;740000;35,9908222025261
7204541;1;1;1;AYUDA POR DESPLAZADO;1;780000;34,1181444810286
7204596;1;1;1;AYUDA HUMANITARIA;1;1800000;102,076440514749
7204599;1;1;1;AYUDA HUMANITARIA;1;560000;34,3955268258374
7204600;1;1;1;AYUDA HUMANITARIA;1;360000;35,8324138501385
7204613;1;1;1;AYUDA HUMANITARIA;1;780000;63,7222391720776
7204848;1;1;1;DESPLAZADOS POR LA VIOLENCIAN;1;800000;6,8151013070608
7204930;1;1;1;BIENESTAR FAMILIAR;1;350000;17,0699572951043
7205553;1;1;1;FAMILIAS EN ACCION;2;772000;39,5702942966353
7205554;1;1;1;DESMOVILIZACION;2;18000000;43,296043749105
7205720;1;1;1;SUBSIDIO POR DESPLAZAMIENTO FORZADO;1;900000;212,824093862172
7205736;1;1;1;UNIDAD PARA LAS VICTIMAS;1;1240000;25,0035749809696
7206373;1;1;1;JOVENES EN ACCION;1;2000000;54,6080528118514
7206500;1;1;1;SUBSIDIO DE MANUTENCION POR VIVIR EN CIUDAD DIFERENTE AL ORIGEN;2;2400000;191,211583819458
7206530;1;1;1;SUBSIDIO POR DESPLAZAMIENTO;1;980000;79,6222802519486
7206546;1;1;1;PROGRAMA DEL ADULTO MAYOR;1;960000;588,271210215244
7206587;1;1;1;DESPLAZADA;1;500000;75,4122047405569
7206594;1;1;1;DESPLAZADOS;1;1800000;66,896020907122
7206596;1;1;1;DESPLAZADOS;1;775000;55,2916153245705
7206600;1;1;1;DESPLAZADA;1;700000;105,600845482755
7206608;1;1;1;DESPLAZADOS;1;450000;75,3894657312616
7206632;1;1;1;DESPLAZADOS;3;300000;80,0063463636741
7206641;1;1;1;DESPLAZADOS;1;430000;182,55277688655
7206661;1;1;1;UNIDAD DE VICTIMAS;2;600000;82,3855890257022
7206668;1;1;1;DESPLAZADOS;1;400000;110,808811870108
7206689;1;1;1;UNIDAD DE VICTIMAS;3;900000;85,502695477565
7206693;1;1;1;DESPLAZADO;1;400000;103,389424715672
7206702;1;1;1;DESPLAZADOS;1;1550000;165,061133683286
7206708;1;1;1;DESPLAZADOS;1;760000;120,495601804915
7206712;1;1;1;UNIDAD DE VICTIMAS;4;1040000;106,853712484709
7206716;1;1;1;DESPLAZADOS;3;900000;148,343609662749
7206732;1;1;1;DESPLAZADOS;4;980000;150,794922261507
7206955;1;1;1;NO SABE;1;150000;36,4106179610844
7207077;1;1;1;AYUDA PARA VICTIMAS DEL CONFLICTO ARMADO;1;200000;40,862122891048
7207290;1;1;1;VICTIMAS DE DESPLAZAMIENTO FORZADO;1;1600000;17,0784245290172
7207292;1;1;1;JOVENES EN ACCION;1;800000;26,8990615441077
7207293;1;1;1;JOVENES EN ACCION;1;4800000;40,1781720193193
7207350;1;1;1;DESPLAZADOS;1;10000000;40,163299626655
7207397;1;1;1;SUSTITUVION DE CULTIVOS ILICITOS;1;4000000;92,6036340841463
7207400;1;1;1;SUSTITUCION DE CULTIVOS ILICITOS;1;6000000;93,183437176349
7207406;1;1;1;SUSTITUCION DE CULTIVOS ILICITOS;1;2000000;103,418287412506
7210271;1;1;1;FAMI ICBF;1;80000;70,2888158280246
7210509;1;1;1;COMITE GANADERO;1;9000000;24,0594821873302
7210747;1;1;1;AYUDA HUMANITARIA;3;1045000;128,150285749786
7210937;1;1;1;JOVENES EN ACCION;1;2400000;225,03803377857
7210976;1;1;1;DESPLAZADOS;3;900000;62,0055606099831
7211208;1;1;1;CRECIENDO EN FAMILIAS RURALIDAD;1;1200000;8,61901997379955
7211226;1;1;1;CANASTA RURAL;1;80000;12,6800934197352
7211232;1;1;1;SUBSIDIO DE INVALIDEZ;1;175000;6,34339399922073
7211241;1;1;1;CANASTA RURAL;2;4000000;4,3366915631235
7211248;1;1;1;CANASTA RURAL;1;1500000;10,0703249513591
7211249;1;1;1;CANASTA TIPO A;1;720000;7,26362539840118
7211250;1;1;1;CANASTA RURAL;4;4800000;11,7339394010783
7211252;1;1;1;CANASTA RURAL;4;800000;5,10159307000997
7211253;1;1;1;CANASTA RURAL;1;700000;11,0431934522322
7211256;1;1;1;CANASTA RURAL TIPO A;3;1200000;13,5518988300252
7211263;1;1;1;CANASTA SUPLEMENTARIA;3;1500000;8,71887471198337
7211271;1;1;1;CANASTA RURAL TIPO A;2;3000000;13,3172009270229
7211273;1;1;1;CANASTA ICBF;1;99;10,4824711792818
7211764;1;1;1;ACCION SOCIAL;1;440000;70,1960580889619
7211787;1;1;1;SUDSIDIO DE DESEMPLEO;1;414000;36,5778282946664
7211835;1;1;1;COFREM;1;360000;100,610763178296
7211860;1;1;1;COFREM;1;424000;93,7102046264074
7211927;1;1;1;NO SABE;1;120000;77,6623110201783
7211985;1;1;1;FAMI;1;40000;266,066231767115
7212137;1;1;1;REPARACION DE VICTIMAS;3;1200000;39,2342251616002
7212361;1;1;1;UNIDAD DE VICTIMAS;1;750000;91,3815766359405
7212637;1;1;1;INDEMNIZACION POR DEZPLAMIENTO FORZADO;1;1500000;284,111390764634
7212805;1;1;1;DESPLAZAMIENTO;3;1479000;255,856278005589
7212910;1;1;1;DESPLAZADOS;1;70000;147,800792362974
7212911;1;1;1;JOVENES EN ACCION;1;800000;131,955865882012
7213030;1;1;1;UNIDAD DE VICTIMAS;1;500000;37,5173023769534
7213261;1;1;1;DE CERO A SIEMPRE;1;450000;292,049298572277
7213704;1;1;1;ATENCION Y REPARACION A VICTIMAS DEL CONFLICTO ARMADO;1;3000000;76,3516012698396
7214250;1;1;1;DESPLAZADOS;1;1080000;946,36573191159
7214276;1;1;1;FAMILIAS EN SUS TIERRAS;1;1500000;196,064596228779
7214438;1;1;1;LAS VICTIMAS Y DESPLAZADOS;1;680000;45,9001374131713
7214468;1;1;1;AYUDA HUMANITARIA;1;600000;61,6985946213316
7214479;1;1;1;AYUDA HUMANITARIA;1;700000;54,0111272246404
7214751;1;1;1;DESPLAZAMIENTO;1;1200000;29,7727484571311
7214961;1;1;1;FAMILIA  EN ACCION;1;60000;6,73967114921134
7214977;1;1;1;REPARACION DE VICTIMAS;1;800000;6,13006637574409
7215024;1;1;1;UNIDAD DE VICTIMAS;5;900000;3,60332957375782
7215027;1;2;1;UNIDAD DE VICTIMAS;2;800000;3,60332957375782
7215244;1;1;1;ERRADICACION DE CULTIVOS ILICITOS;1;8000000;82,0034180705919
7215337;1;1;1;VICTIMAS DEL CONFLICTO;1;770000;10,7475180227796
7215405;1;1;1;VICTIMAS;1;673000;20,7566459179848
7215478;1;1;1;VICTIMAS;2;500000;13,6823639145282
7215520;1;1;1;PNIS;1;12000000;7,16819382375311
7215722;1;1;1;AYUDA HUMANITARIA;1;200000;53,2080112244545
7215778;1;1;1;ESTUDIO;1;80000;190,188287333393
7215867;1;1;1;JOVENES EN ACCION;1;1600000;111,537131370965
7215956;1;1;1;AYUDA HUMANITARIA;2;300000;508,348949870201
7216179;1;1;1;PROGRAMA SUBSIDIO ADULTO MAYOR;1;960000;908,151302436129
7216497;1;1;1;HOGAR GESTOR;1;3500000;60,943490320273
7216942;1;1;1;SUBSIDIO FAMILIAR COMFACOR;2;620000;77,4280555610093
7217257;1;1;1;JOVENES EN ACCION;1;2400000;72,4766636119012
7217265;1;1;1;JOVENES EN ACCION;1;2400000;61,4122727218759
7217484;1;1;1;PLAN COLOMBIA;1;300000;59,680630550126
7217635;1;1;1;JOVENES EN ACCION;1;800000;140,255363680124
7217920;1;1;1;COLOMBIA MAYOR;2;540000;32,7756503895626
7218261;1;1;1;AYUDA HUMANITARIA;1;2200000;42,5133546269354
7218305;1;1;1;AYUDA HUMANITARIA;1;2100000;98,9330743048166
7218308;1;1;1;AYUDA HUMANITARIA;1;650000;134,484548006324
7218334;1;1;1;SUBSIDIO FAMILIAR COMFENALCO;1;336000;17,5665523843631
7218686;1;1;1;VICTIMAS;3;420000;11,8386876335514
7219100;1;1;1;MERCADOS DE LA GOBERNACION;1;180000;21,7537584753075
7219127;1;1;1;UNIDAD DE VICTIMAS;1;120000;55,0040874364071
7219154;1;1;1;MERCADO ACCION SOCIAL;2;1800000;19,7316145702511
7219157;1;1;1;MERCADO;1;900000;13,5207774743599
7219181;1;1;1;ADULTO MAYOR;2;360000;9,5021506572225
7219763;1;1;1;CANASTA FAMILIAR80;1;800000;11,853355586559
7219889;1;1;1;JOVENES EN ACCION;1;1000000;525,610005205562
7220245;1;1;1;PROGRAMA DE CERO A SIEMPRE;2;1680000;19,2263601981658
7220245;2;1;2;SISTEMA GENERAL DE PARTICIPACIONES SGP DNP;1;600000;19,2263601981658
7220246;1;1;1;PROGRAMA DE CERO DE A SIEMPRE;1;840000;6,474189049025
7220246;2;1;2;SISTEMA GENERAL DE PARTICIPACIONES SGP DNP;1;600000;6,474189049025
7220316;1;1;1;JOVENES EN ACCION;1;200000;149,234494359154
7220336;1;1;1;CONFAMILIAR;2;300000;268,440833178247
7220362;1;1;1;JOVENES EN ACCION;1;800000;140,35755022656
7220375;1;1;1;COMPARTIR;1;99;24,7580825925453
7220397;1;1;1;VICTIMAS DE DEZPLAZAMIENTO;1;1200000;63,0929247041501
7220400;1;1;1;VICTIMAS DEL CONFLICTO;1;700000;52,3997317916568
7220406;1;1;1;SUANDINA SUBSIDIO VICTIMAS DEL CONFLICTO ARMADO;1;1400000;43,863819471784
7220448;1;1;1;COMPARTIR;1;140000;54,4800727117463
7220458;1;1;1;VICTIMAS DEL CONFLICTO;1;99;57,5576194343272
7220473;1;1;1;DESPLAZAMIENTO FORZADO;1;230000;57,5664318930285
7220490;1;1;1;DESPLAZAMIENTO FORZADO;2;1200000;43,7763854690128
7220633;1;1;1;DESPLAZADOS;4;700000;200,573040965989
7220645;1;1;1;AYUDA HUMANITARIA;1;1600000;66,7115815644825
7220666;1;1;1;PROGRAMA DE VICTIMAS;3;1200000;81,8947257434601
7220669;1;1;1;DEZPLAZADOS;1;150000;61,5357972365219
7220684;1;1;1;DEZPLAZADOS;2;500000;386,985169399325
7220687;1;1;1;FAMILIAS EN SU TIERRA;3;1000000;117,185135385798
7220708;1;1;1;DESPLAZADOS;1;1480000;444,307650211866
7220723;1;1;1;DESPLAZADOS;1;200000;121,393403204138
7220780;1;1;1;VICTIMAS;3;800000;120,342864196902
7220783;1;1;1;FAMILIAS EN TU TIERRS;1;1400000;121,774127599947
7220790;1;1;1;FAMILIAS EN SU TIERRA;1;1400000;84,8943613167353
7220861;1;1;1;COMFACAUCA;1;396000;132,774279490385
7220861;2;1;2;PROGRAMA PARA JOVENES;1;1000000;132,774279490385
7221213;1;1;1;UNIDAD DE VICTIMAS;1;250000;130,117942646435
7221698;1;1;1;AYUDA HUMANITARIA;1;980000;73,3122323407565
7221809;1;1;1;AYUDA HUMANITARIA;1;400000;12,735529326876
7221840;1;1;1;AYUDA HUMANITARIA1;1;1790000;34,5618817489116
7221862;1;1;1;AYUDA HUMANITARIA;1;1500000;97,9861395865321
7222018;1;1;1;UNIDAD DE VICTIMAS;1;900000;10,485186425641
7222267;1;1;1;SUBSIDIO POR DESPLAZAMIENTO CONFLICTO ARMADO;1;2325000;36,3159010841801
7225009;1;1;1;JOVENES EN ACCION;1;2000000;261,068370448381
7225365;1;1;1;FAMILIAR;1;150000;35,9959497231831
7225374;1;1;1;SUBSIDIO DEL DESPLAZADO;1;292000;53,2527074894012
7225974;1;1;1;AYUDA HUMANITARIA;1;400000;892,977446251056
7226130;1;1;1;AYUDA HUMANITARIA POR DESPLAZADOS;1;700000;19,13281528309
7226384;1;1;1;AYUDA A DESPLAZADOS;1;600000;72,9933677087715
7227423;1;1;1;JOVENES EN ACCION;1;800000;140,35755022656
7227443;1;1;1;DESPLAZADOS;2;1200000;305,366356686942
7228439;1;1;1;AYUDA HUMANITARIA;1;4800000;1846,47820458924
7228556;1;1;1;BUEN COMIENZO;1;100000;844,277667748856
7228687;1;1;1;VICTIMAS DESPLAZADOS;1;350000;124,122911319292
7228793;1;1;1;VICTIMAS DESPLAZADOS;1;1200000;162,993497361363
7228980;1;1;1;VICTIMAS DE LA VIOLENCIA;1;400000;23,0835992378125
7229351;1;1;1;JOVENES EN ACCION;1;400000;9,53437307383421
7229370;1;1;1;VICTIMAS POR DESPLAZAMIENTO;1;300000;91,8338915616116
7229488;1;1;1;DE CERO A SIEMPRE;2;2400000;51,4728846069274
7229499;1;1;1;SUBSIDIO DE ARREGLO DE VIVIENDA;1;12000000;30,3847169607519
7229800;1;1;1;VICTIMAS DE CONFLICTO;2;400000;119,657928219162
7229949;1;1;1;SUBSIDIO DE DISCAPACIDAD;1;800000;48,7375193367349
7230123;1;1;1;ADULTO MAYOR;1;540000;5,06629833037754
7230131;1;1;1;TERCERA EDAD;1;135000;5,0779282586841
7230139;1;1;1;TERCERA EDAD;1;540000;5,06629833037754
7231223;1;1;1;DESPLAZADOA;1;100000;89,1649917663061
7231646;1;1;1;DESPLAZADA;1;800000;88,890308024072
7231997;1;1;1;FAMILIAS EN ACCION;3;1800000;338,5617145063
7232635;1;1;1;AYUDA HUMANITARIA DE DESPLAZADOS;1;200000;734,193639417443
7232800;1;1;1;AYUDA HUMANITARIA DE VICTIMAS POR DESPLAZAMIENTO;1;1400000;83,5996453324949
7233146;1;1;1;BANCO DOS;1;2400000;120,486017103924
7233220;1;1;1;JOVENES EN ACCION;1;200000;207,855433522997
7233230;1;1;1;PROGRAMA DE DESPLAZAMIENTO DE VICTIMAS;1;738000;253,66661478937
7233242;1;1;1;JOVENES EN ACCION;1;400000;223,144055831105
7233286;1;1;1;AYUDA HUMANITARIA;1;240000;10,7904309679279
7233292;1;1;1;VICTIMAS DESPLAZADOS;2;780000;25,238741423163
7233318;1;1;1;AYUDA HUMANITARIA;1;400000;11,0336763813391
7233455;1;1;1;MERCADO;1;99;3,34141637243507
7233583;1;1;1;DESPLAZADOS;4;1080000;11,6439258070069
7233730;1;1;1;BIENESTAR FAMILIAR;1;600000;70,6318265627919
7234072;1;1;1;RED DE VICTIMAS;1;400000;71,0488032276495
7234151;1;1;1;SUBISIDIO FAMILIAR CAJA DE COMPENSACION FAMILIAR;1;360000;57,6126184658951
7234245;1;1;1;FEDERACION DE CAFETEROS;1;240000;59,3128617835365
7234294;1;1;1;DESPLAZADOS POR CONFLICTO ARMADO;1;300000;47,0020549850098
7234495;1;1;1;FAMILIAS EN SU TIERRA;1;1400000;719,200084020626
7234608;1;1;1;AYUDA HUMANITARIA;1;1000000;146,820578718768
7234610;1;1;1;AYUDA HUMANITARIA;1;1500000;80,7895436173059
7234612;1;1;1;AYUDA HUMANITARIA;1;400000;69,9436993745446
7234631;1;1;1;REPARACION DE VICTIMAS DE LA VIOLENCIA;1;700000;132,219936071529
7234693;1;1;1;AYUDA HUMANITARIA;1;400000;51,2214421370077
7234693;2;1;2;AYUDA HUMANITARIA;2;1400000;51,2214421370077
7234788;1;1;1;AYUDA HUMANITARIA;1;640000;52,1238695692014
7235155;1;1;1;CANASTA RURAL TIPO A;1;1000000;8,1969668564148
7235157;1;1;1;CANASTA TIPO A;1;500000;8,1969668564148
7235337;1;1;1;CRUZ ROJA COLOMBIANA;2;356000;79,3179302131574
7235395;1;1;1;CERO A SIEMPRE;1;500000;10,2815458400547
7235733;1;1;1;JOVENES EN ACCION;1;600000;15,5010220621592
7236553;1;1;1;CRECIMIENTO Y DESARROLLO;1;840000;232,133059288076
7237202;1;1;1;JOVENES EN ACCION;1;800000;60,0075749333204
7237460;1;1;1;DESPLAZAMIENTO FORZADO;1;2400000;16,3449940137525
7237809;1;1;1;ALIANZAS PRODUCTIVAS;1;4300000;14,8074051399833
7238421;1;1;1;POR DESPLAZADO;1;480000;72,6179318152128
7238526;1;1;1;DESPLAZADOS;1;700000;49,2692273995212
7239273;1;1;1;VISION AMAZONIA;1;3000000;5,41769688490586
7239579;1;1;1;CRECIMIENTO Y DESARROLLO;1;1020000;93,6995251023136
7239812;1;1;1;SUBSIDIO DESPLAZADOS;1;780000;82,4047875415987
7240028;1;1;1;DESPLAZADO;1;1200000;115,050455138195
7240032;1;1;1;COMFAMILIAR;2;720000;174,121377081334
7240035;1;1;1;SUBSIDIO DEL CERREJON;1;480000;181,939250796854
7240040;1;1;1;SUBSIDIO DEL CERREJON;2;1440000;144,641855532035
7240250;1;1;1;HOGARES COMUNITARIOS DE BIENESTAR FAMI;1;420000;96,7895651923582
7240370;1;1;1;JOVENES EN ACCION;2;120000;8,07000961544207
7240709;1;1;1;FAMI;1;98;54,7214068712849
7240959;1;1;1;ERRADICACION DE CULTIVOS ILICITOS;1;8000000;69,12122124149
7241410;1;1;1;JOVENES EN ACCION;1;1000000;164,884996424254
7241487;1;1;1;UNIDAD DE VICTIMAS;3;7000000;148,029489205807
7241491;1;1;1;DESPLAZAMIENTO;1;230000;44,1026501505231
7241656;1;1;1;ERRADICACION DE CULTIVOS ILICITOS;1;4000000;90,1474546323577
7241823;1;1;1;CRECIMIENTO Y DESARROLLO;1;1020000;176,350286612217
7242182;1;1;1;JOVENES EN ACCION;1;2400000;224,76835783854
7242249;1;2;1;SUBSIDIO FAMILIAR DE COFREM;2;720000;60,8521247828187
7242265;1;1;1;DESPLAZADO;1;1200000;100,261954852267
7242432;1;1;1;DESPLAZAMIENTO;1;3000000;28,6800879633362
7242438;1;1;1;DESPLAZAMIENTO;1;800000;35,9494402106971
7242544;1;1;1;PNIS;1;1800000;10,6257023375704
7242594;1;1;1;NO LO RECUERDA;1;240000;170,096347065091
7242634;1;1;1;DESPLAZADA;1;900000;82,5571742440856
7242751;1;1;1;AYUDA HUMANITARIA;1;760000;130,753331244149
7243530;1;1;1;JOVENES EN ACCION;1;1000000;72,7165092791937
7243594;1;1;1;PLAN COLOMBIA;1;204000;47,4245603088428
7244642;1;1;1;COMFAMILIAR;2;720000;137,59126261485
7245605;1;1;1;SUBSIDIO FAMILIAR DE CAJA DE COMPENSACION COMFACOR;2;200000;212,045611603921
7245650;1;1;1;JOVENES EN ACCION;1;200000;9,06835847129262
7245920;1;1;1;DE CERO A SIEMPRE;1;99;49,4355140158978
7246414;1;1;1;CANASTA;1;2000000;11,7467553433842
7246423;1;1;1;BONO DE EMERGENCIA;3;1200000;11,4395919707607
7246428;1;1;1;CANASTA FAMILIAR;5;99;12,9146419873859
7246429;1;1;1;CANASTA;1;1200000;5,66843674445552
7246532;1;1;1;SEMILLA Y AGUA;1;300000;9,64987353756744
7247067;1;1;1;PROGRAMA COOPORACION LATINA;1;600000;429,139077178268
7247184;1;1;1;JOVENES EN ACCION;1;2400000;37,6757071487094
7247216;1;1;1;ADULTO MAYOR;1;900000;10,5918817371301
7247284;1;1;1;SUBSIDIO MONETARIO;1;30000;189,122516193068
